the_geom,male_65_69,the_geom_webmercator,shared_puma,future_fp_mhhi,current_fp_mhhi,cd_tot_resunits,future_fp_resunits,future_fp_bldg,current_fp_resunits,cd_tot_bldgs,current_fp_bldg,moe_under18_rate_nyc,moe_under18_rate_boro,total_lot_area,lot_area_other_no_data,lot_area_parking,lot_area_open_space,lot_area_public_facility_institution,lot_area_transportation_utility,lot_area_industrial_manufacturing,lot_area_commercial_office,lot_area_mixed_use,lot_area_res_multifamily_elevator,lot_area_res_multifamily_walkup,lot_area_res_1_2_family_bldg,lots_total,lots_other_no_data,lots_vacant,lots_parking,lots_open_space,lots_public_facility_institution,lots_transportation_utility,lots_industrial_manufacturing,lots_commercial_office,lots_mixed_use,lots_res_multifamily_elevator,lots_res_multifamily_walkup,lots_res_1_2_family_bldg,pct_served_parks,count_public_schools,count_libraries,count_hosp_clinic,count_parks,crime_count_nyc,crime_count_boro,crime_count,pct_clean_strts_nyc,pop_acs,pop_2010,pop_2000,puma,borocd,future_fp_pop,current_fp_pop,lot_area_vacant,cb_email,cb_website,acs_tooltip,neighborhoods,son_issue_3,son_issue_2,son_issue_1,cd_son_fy2018,shared_puma_cd,cd_short_title,cd_full_title,future_fp_cost_burden,current_fp_cost_burden,future_fp_rent_burden,current_fp_rent_burden,future_fp_permortg,current_fp_permortg,future_fp_ownerocc,current_fp_ownerocc,future_fp_openspace,current_fp_openspace,future_fp_area,current_fp_area,pct_hispanic,pct_other_nh,pct_asian_nh,pct_black_nh,pct_white_nh,female_85_over,male_85_over,female_80_84,male_80_84,female_75_79,male_75_79,female_70_74,male_70_74,female_65_69,cartodb_id,female_60_64,male_60_64,female_55_59,male_55_59,female_50_54,male_50_54,female_45_49,male_45_49,female_40_44,male_40_44,female_35_39,male_35_39,female_30_34,male_30_34,female_25_29,male_25_29,female_20_24,male_20_24,female_15_19,male_15_19,female_10_14,male_10_14,female_5_9,male_5_9,female_under_5,male_under_5,moe_over65_rate_nyc,over65_rate_nyc,moe_over65_rate_boro,over65_rate_boro,moe_over65_rate,over65_rate,under18_rate_nyc,under18_rate_boro,moe_under18_rate,under18_rate,moe_lep_rate_nyc,lep_rate_nyc,moe_lep_rate_boro,lep_rate_boro,moe_lep_rate,lep_rate,moe_foreign_born,pct_foreign_born,pct_lot_area_other_no_data,pct_lot_area_vacant,pct_lot_area_parking,pct_lot_area_open_space,pct_lot_area_public_facility_institution,pct_lot_area_transportation_utility,pct_lot_area_industrial_manufacturing,pct_lot_area_commercial_office,pct_lot_area_mixed_use,pct_lot_area_res_multifamily_elevator,pct_lot_area_res_multifamily_walkup,pct_lot_area_res_1_2_family_bldg,crime_per_1000_nyc,crime_per_1000_boro,crime_per_1000,pct_clean_strts_boro,pct_clean_strts,moe_hh_rent_burd_nyc,pct_hh_rent_burd_nyc,moe_hh_rent_burd_boro,pct_hh_rent_burd_boro,moe_hh_rent_burd,pct_hh_rent_burd,moe_mean_commute_nyc,mean_commute_nyc,moe_mean_commute_boro,mean_commute_boro,moe_mean_commute,mean_commute,moe_unemnployment,unemployment_nyc,moe_unemployment_boro,unemployment_boro,moe_unemployment_cd,unemployment_cd,moe_bach_deg_nyc,pct_bach_deg_nyc,moe_bach_deg_boro,pct_bach_deg_boro,moe_bach_deg,pct_bach_deg,poverty_rate_nyc,poverty_rate_boro,moe_poverty_rate,poverty_rate,pop_change_00_10,area_sqmi,acres
,1.9,,TRUE,141937,140859,39547,13438,531,4530,1729,202,0,0,36319858,5589035,224770,1340333,10186495,4290838,280455,7946047,3851582,1814023,171501,46477,1478,24,33,26,20,64,41,87,363,550,174,62,34,100,32,1,9,27,96515,25961,1099,96,,60978,34420,3810,101,25905,12072,578302,man01@cb.nyc.gov,www1.nyc.gov/site/manhattancb1/index.page,"American Community Survey 2012-2016 5-Year Estimates for PUMA 3810, which is an approximation of both Manhattan CD 1 and Manhattan CD 2","Battery Park City, Civic Center, Ellis Island, Governors Island, Liberty Island, South Street Seaport, Tribeca, Wall Street, World Trade Center",Other (see Statement of Community District Needs),Traffic,Resiliency,http://www1.nyc.gov/assets/planning/download/pdf/community/community-portal/statement_needs/mn01_statement_2018.pdf,Manhattan CD 2,Manhattan CD 1,Manhattan Community District 1,0.2347,0.2457,0.3104,0.3269,0.629,0.673,0.294,0.2445,0.042,0.041,0.962901418,0.920330149,7,3.2,15.9,2.2,71.6,0.9,0.6,0.7,0.5,0.8,0.8,1.4,1.2,2.3,1,2.6,2.6,2.3,2.4,2.4,2.9,2.8,3.3,3.6,3.8,4.4,5.5,6.7,6.7,8.1,6.6,4,2.8,2.4,2.1,1,1.5,1.9,1.7,2.2,2.6,0.1,13,0.1,14.4,0.5,11.3,21.2,14.6,0.6,12.2,0.1,23,0.3,15.6,0.7,6.2,1,24.2,0.153883724,0.015922474,0.006188626,0.036903586,0.280466267,0.118140275,0.007721809,0.218779682,0.106046175,0.049945762,0.004721962,0.001279658,11.8,15.7,15.634252,95.6,96.8,0.2,44.6,0.5,37.1,1.6,32.2,0.1,40.3,0.2,31.4,0.5,25,0.1,5.5,0.2,4.6,0.4,3.2,0.2,36.2,0.4,60.4,1,81.8,20.3,14.5,0.7,8.8,0.77,1.5,976.3
,1.9,,TRUE,141937,140859,60146,5212,551,764,5360,130,0,0,27742514,98193,496512,1029443,2236247,4426806,959550,4176348,5953961,3644369,2471785,972603,4760,40,59,61,30,177,27,137,566,1662,456,949,596,100,15,4,13,16,96515,25961,2353,96,,90016,93119,3810,102,9710,4892,1276697,bgormley@cb.nyc.gov,www.nyc.gov/html/mancb2,"American Community Survey 2012-2016 5-Year Estimates for PUMA 3810, which is an approximation of both Manhattan CD 2 and Manhattan CD 1","Greenwich Village, Hudson Square, Little Italy, NoHo, SoHo, South Village, West Village",Schools,Parks,Neighborhood preservation (development trends),http://www1.nyc.gov/assets/planning/download/pdf/community/community-portal/statement_needs/mn02_statement_2018.pdf,Manhattan CD 1,Manhattan CD 2,Manhattan Community District 2,0.2347,0.2457,0.3104,0.3269,0.629,0.673,0.294,0.2445,0.001,0.001,0.281550158,0.238337892,7,3.2,15.9,2.2,71.6,0.9,0.6,0.7,0.5,0.8,0.8,1.4,1.2,2.3,2,2.6,2.6,2.3,2.4,2.4,2.9,2.8,3.3,3.6,3.8,4.4,5.5,6.7,6.7,8.1,6.6,4,2.8,2.4,2.1,1,1.5,1.9,1.7,2.2,2.6,0.1,13,0.1,14.4,0.5,11.3,21.2,14.6,0.6,12.2,0.1,23,0.3,15.6,0.7,6.2,1,24.2,0.003539441,0.046019514,0.017897152,0.037107055,0.080607223,0.159567586,0.034587709,0.150539637,0.214615049,0.13136405,0.089097369,0.035058214,11.8,15.7,25.876288,95.6,97,0.2,44.6,0.5,37.1,1.6,32.2,0.1,40.3,0.2,31.4,0.5,25,0.1,5.5,0.2,4.6,0.4,3.2,0.2,36.2,0.4,60.4,1,81.8,20.3,14.5,0.7,8.8,-0.03,1.4,865.9
,1.6,,FALSE,28783,30639,79856,11906,646,4257,4680,255,0,0,33738622,47879,452720,5362670,3538754,1399401,413044,1210404,8191096,8370659,2783547,105989,4261,10,148,64,71,282,28,108,284,1971,269,957,69,100,63,5,33,61,96515,25961,2375,96,160709,163277,164407,3809,103,48189,33059,1862459,info@cb3manhattan.org,www.nyc.gov/html/mancb3,"American Community Survey 2012-2016 5-Year Estimates for PUMA 3809, which is an approximation of Manhattan CD 3","Chinatown, East Village, Lower East Side, NoHo, Two Bridges",Social services (including services for the homeless),Senior services,Affordable housing,http://www1.nyc.gov/assets/planning/download/pdf/community/community-portal/statement_needs/mn03_statement_2018.pdf,,Manhattan CD 3,Manhattan Community District 3,0.1907,0.1872,0.3463,0.3553,0.422,0.407,0.0865,0.1149,0.149,0.121,0.56914269,0.447968808,24.9,3.1,31,7.9,33.1,1.9,0.9,1.1,1,1.5,1,2.2,1.7,2.4,3,3.5,2.9,2.8,2.6,3,3,3.5,3.4,3.2,3.1,3.4,4.2,4.7,5.4,6.4,6.4,4,4,3.1,2.6,1.8,1.4,1.2,2,1.7,1.6,0.1,13,0.1,14.4,0.7,15.4,21.2,14.6,0.8,11.7,0.1,23,0.3,15.6,1,28.6,1.2,34.5,0.001419115,0.055202581,0.01341845,0.158947511,0.104887331,0.041477717,0.012242468,0.035875917,0.242780989,0.248103168,0.082503281,0.003141474,11.8,15.7,14.953955,95.6,92.3,0.2,44.6,0.5,37.1,1.8,38.2,0.1,40.3,0.2,31.4,0.7,32,0.1,5.5,0.2,4.6,0.6,4.5,0.2,36.2,0.4,60.4,1.4,43.9,20.3,14.5,1.1,18,-0.01,1.7,1076.9
,2.2,,TRUE,102345,107212,85030,6941,421,1309,3925,167,0,0,40625322,114205,1386842,811955,3892540,11252991,1377083,5471875,5998387,4833367,2633347,260895,3479,11,79,99,20,174,98,148,434,927,323,1014,152,94,53,2,26,21,96515,25961,2462,96,,103245,87479,3807,104,13537,2957,2591835,jbodine@cb.nyc.gov,www.nyc.gov/mcb4,"American Community Survey 2012-2016 5-Year Estimates for PUMA 3807, which is an approximation of both Manhattan CD 4 and Manhattan CD 5","Chelsea, Clinton, Hudson Yards",Traffic,Neighborhood preservation (development trends),Affordable housing,http://www1.nyc.gov/assets/planning/download/pdf/community/community-portal/statement_needs/mn04_statement_2018.pdf,Manhattan CD 5,Manhattan CD 4,Manhattan Community District 4,0.269,0.3138,0.3272,0.3659,0.597,0.658,0.1632,0.1527,0.022,0.007,0.629350413,0.549343885,14.6,2.8,16.2,5.4,60.9,0.8,0.4,0.7,0.7,1.3,1,1.7,1.2,2.2,4,2.6,2.8,3,3.7,2.3,3.4,2.5,4.1,2.9,5.5,3.8,5.2,6.3,7.3,7.5,6.7,4.5,3.7,1.8,0.9,1.1,0.7,0.9,1.3,1.7,1.6,0.1,13,0.1,14.4,0.6,12.1,21.2,14.6,0.8,8.4,0.1,23,0.3,15.6,1,9.7,1.3,28.4,0.002811178,0.06379851,0.034137379,0.019986426,0.09581561,0.276994506,0.033897159,0.13469124,0.147651433,0.118974245,0.064820335,0.00642198,11.8,15.7,20.731942,95.6,97,0.2,44.6,0.5,37.1,1.6,34.2,0.1,40.3,0.2,31.4,0.6,26,0.1,5.5,0.2,4.6,0.4,4.1,0.2,36.2,0.4,60.4,1.2,74.1,20.3,14.5,0.8,10.8,0.18,1.8,1131.6
,2.2,,TRUE,102345,107212,45268,0,0,0,3207,0,0,0,29016812,16343,373995,919291,1615534,874910,778129,18579130,3621737,1723184,204913,24484,3073,19,88,50,11,115,21,161,1601,693,217,82,15,94,23,7,17,9,96515,25961,4600,96,,51673,44028,3807,105,0,0,285162,office@cb5.org,www.cb5.org,"American Community Survey 2012-2016 5-Year Estimates for PUMA 3807, which is an approximation of both Manhattan CD 5 and Manhattan CD 4","Flatiron, Gramercy Park, Herald Square, Midtown, Midtown South, Murray Hill, Times Square, Union Square",Trash removal & cleanliness,Social services (including services for the homeless),Schools,http://www1.nyc.gov/assets/planning/download/pdf/community/community-portal/statement_needs/mn05_statement_2018.pdf,Manhattan CD 4,Manhattan CD 5,Manhattan Community District 5,0.269,0.3138,0.3272,0.3659,0.597,0.658,0.1632,0.1527,0,0,0,0,14.6,2.8,16.2,5.4,60.9,0.8,0.4,0.7,0.7,1.3,1,1.7,1.2,2.2,5,2.6,2.8,3,3.7,2.3,3.4,2.5,4.1,2.9,5.5,3.8,5.2,6.3,7.3,7.5,6.7,4.5,3.7,1.8,0.9,1.1,0.7,0.9,1.3,1.7,1.6,0.1,13,0.1,14.4,0.6,12.1,21.2,14.6,0.8,8.4,0.1,23,0.3,15.6,1,9.7,1.3,28.4,0.000563225,0.009827475,0.012888907,0.031681323,0.055675792,0.030151831,0.026816488,0.640288464,0.124815124,0.059385711,0.007061872,0.000843787,11.8,15.7,87.226379,95.6,97.6,0.2,44.6,0.5,37.1,1.6,34.2,0.1,40.3,0.2,31.4,0.6,26,0.1,5.5,0.2,4.6,0.4,4.1,0.2,36.2,0.4,60.4,1.2,74.1,20.3,14.5,0.8,10.8,0.17,1.6,1005.4
,2.2,,FALSE,108034,113176,99158,3658,87,24,3098,11,0,0,26242286,62052,226745,913368,4327560,1642040,20650,3687669,8217339,4767476,1286230,418927,2852,7,56,28,37,220,40,5,335,839,482,557,246,92,27,3,44,16,96515,25961,1605,96,146750,142745,136152,3808,106,15651,8719,672230,office@cbsix.org,www.cbsix.org,"American Community Survey 2012-2016 5-Year Estimates for PUMA 3808, which is an approximation of Manhattan CD 6","Beekman Place, Gramercy Park, Murray Hill, Peter Cooper Village, Stuyvesant Town, Sutton Place, Tudor City, Turtle Bay",Senior services,Parks,Affordable housing,http://www1.nyc.gov/assets/planning/download/pdf/community/community-portal/statement_needs/mn06_statement_2018.pdf,,Manhattan CD 6,Manhattan Community District 6,0.4488,0.4723,0.3806,0.3676,0.645,0.522,0.0714,0.0634,0.014,0.012,0.34155475,0.188012784,8.7,2.9,15.8,3.2,69.4,1.6,0.9,1.4,1,1.6,1.5,2.4,1.6,2.9,6,3.1,2.3,2.7,3,3,2.9,2.9,2.6,3.2,2.8,3.4,3.3,5.8,5.7,9.2,7.3,5.5,3.1,2.3,1,0.8,0.9,1,1,2,1.9,0.1,13,0.1,14.4,1,17.2,21.2,14.6,0.9,8.7,0.1,23,0.3,15.6,0.8,5.8,1.2,22.4,0.002364581,0.02561629,0.008640444,0.0348052,0.16490789,0.062572293,0.000786898,0.140523924,0.313133505,0.181671521,0.049013642,0.015963815,11.8,15.7,11.039954,95.6,96.4,0.2,44.6,0.5,37.1,2.1,33.7,0.1,40.3,0.2,31.4,0.6,27,0.1,5.5,0.2,4.6,0.5,2.8,0.2,36.2,0.4,60.4,1.3,79,20.3,14.5,0.8,10,0.05,1.4,888.5
,2.5,,FALSE,,,126221,0,1,0,4749,0,0,0,37772332,2240,298017,7013848,4125270,1048219,35212,1521842,6783376,10044269,4428241,812680,4446,4,63,25,26,219,9,5,131,737,826,1954,447,100,48,5,14,17,96515,25961,1966,96,193715,209084,207699,3806,107,36,36,1659118,office@cb7.org,www.nyc.gov/mcb7,"American Community Survey 2012-2016 5-Year Estimates for PUMA 3806, which is an approximation of Manhattan CD 7","Lincoln Square, Manhattan Valley, Upper West Side",Trash removal & cleanliness,Schools,Affordable housing,http://www1.nyc.gov/assets/planning/download/pdf/community/community-portal/statement_needs/mn07_statement_2018.pdf,,Manhattan CD 7,Manhattan Community District 7,,,,,,,,,0.18,0.176,0.243550592,0.240163603,14.4,2.6,9.2,6,67.7,2,1.2,1.3,0.8,1.4,1.2,2.6,2.1,3.5,7,3.8,3,3.6,2.8,3.8,3.4,3.7,3.7,4.1,3.8,4.3,3.3,4.7,4.3,5.1,4,2.3,1.3,1.7,1.4,2,1.7,2,1.8,2.9,2.9,0.1,13,0.1,14.4,0.7,18.6,21.2,14.6,0.7,15.2,0.1,23,0.3,15.6,1,8.4,1.1,22.5,5.93E-05,0.043924161,0.007889823,0.18568745,0.109214067,0.027750974,0.000932217,0.040289861,0.179585841,0.265916041,0.117235044,0.021515219,11.8,15.7,9.673488,95.6,97.8,0.2,44.6,0.5,37.1,1.8,33.1,0.1,40.3,0.2,31.4,0.6,31,0.1,5.5,0.2,4.6,0.5,3.7,0.2,36.2,0.4,60.4,1.1,75.6,20.3,14.5,0.8,9,0.01,1.9,1220.2
,2.4,,FALSE,79319,67947,150169,3837,104,658,6015,20,0,0,38262303,72220,254050,1376673,5364601,826342,142360,1524909,8341096,14129234,3456503,2035080,5598,17,67,35,10,312,37,23,275,1589,974,1219,1040,95,30,5,37,23,96515,25961,1937,96,221922,219920,217063,3805,108,13926,6305,739235,info@cb8m.com,www.cb8m.com,"American Community Survey 2012-2016 5-Year Estimates for PUMA 3805, which is an approximation of Manhattan CD 8","Carnegie Hill, Lenox Hill, Roosevelt Island, Upper East Side, Yorkville",Schools,Parks,Affordable housing,http://www1.nyc.gov/assets/planning/download/pdf/community/community-portal/statement_needs/mn08_statement_2018.pdf,,Manhattan CD 8,Manhattan Community District 8,0.2797,0.2737,0.3354,0.2743,0.517,0.485,0.1223,0.0935,0.044,0.044,0.34564454,0.115534436,9,2.8,9.3,2.8,76,1.9,1.1,1.6,1.1,2.1,1.3,2.6,2.1,3.6,8,3.4,2.4,2.9,2.6,3.3,2.8,3.2,2.9,3.6,2.9,4.5,4.1,6.6,4.5,7.2,4.3,2.2,1.7,1.2,1.2,1.6,1.7,2.2,1.8,2.6,3,0.1,13,0.1,14.4,0.7,19.6,21.2,14.6,0.7,14.6,0.1,23,0.3,15.6,0.7,6.1,1.2,23.2,0.001887497,0.019320191,0.006639694,0.035979878,0.14020591,0.021596766,0.003720633,0.039854083,0.217997751,0.369272963,0.090337035,0.053187598,11.8,15.7,8.826581,95.6,97.4,0.2,44.6,0.5,37.1,1.8,33.4,0.1,40.3,0.2,31.4,0.6,31,0.1,5.5,0.2,4.6,0.4,2.7,0.2,36.2,0.4,60.4,1.1,80.1,20.3,14.5,0.6,7.3,0.01,2,1266.3
,1.1,,FALSE,34039,32584,45456,0,15,0,2610,1,0,0,30013141,2754,288929,9124983,6082352,1405762,234209,669997,2330828,5198435,2817723,617206,2480,3,92,38,22,201,23,20,77,313,366,954,371,100,33,4,14,16,96515,25961,1263,96,129881,110193,111724,3802,109,0,0,1239963,nyc-cb9m@juno.com,www.cb9m.org,"American Community Survey 2012-2016 5-Year Estimates for PUMA 3802, which is an approximation of Manhattan CD 9","Hamilton Heights, Manhattanville, Morningside Heights, West Harlem",Health care services,Crime,Affordable housing,http://www1.nyc.gov/assets/planning/download/pdf/community/community-portal/statement_needs/mn09_statement_2018.pdf,,Manhattan CD 9,Manhattan Community District 9,0.4247,,0.5556,0.5382,1,,0.0459,0,0.201,0.099,0.278454936,0.139924422,37.9,3.7,8.3,21.5,28.6,1,0.6,1.1,0.6,1.3,0.9,1.8,0.9,2.1,9,2.5,2,2.5,2.4,3.5,3,2.9,3,3,2.8,3.3,3.3,4.5,4.5,6.1,5.9,6.7,6.3,4,3.5,2.1,2.2,2.1,2.1,2.3,2.3,0.1,13,0.1,14.4,0.7,11.4,21.2,14.6,0.9,15.7,0.1,23,0.3,15.6,1.3,20.8,1.4,34,9.18E-05,0.041314003,0.00962675,0.304032923,0.202656296,0.046838217,0.007803548,0.022323455,0.077660249,0.173205297,0.093882976,0.020564525,11.8,15.7,9.408571,95.6,93.9,0.2,44.6,0.5,37.1,1.9,43.9,0.1,40.3,0.2,31.4,1,36,0.1,5.5,0.2,4.6,0.6,5,0.2,36.2,0.4,60.4,1.5,45.3,20.3,14.5,1.5,23.5,-0.01,1.5,961.7
,1.4,,FALSE,36283,,59816,1012,50,0,4621,1,0,0,25592284,31420,207666,1436352,3716023,170543,177339,1278643,5808961,5592375,5292812,956899,4394,9,202,38,54,286,14,17,127,708,288,2089,562,99,74,6,35,21,96515,25961,1952,96,135967,115723,107109,3803,110,10682,37,923251,MN10CB@cb.nyc.gov,www.nyc.gov/html/mancb10,"American Community Survey 2012-2016 5-Year Estimates for PUMA 3803, which is an approximation of Manhattan CD 10",Central Harlem,Trash removal & cleanliness,"Commercial development (retail mix, small business and MBWE support, etc.)",Affordable housing,http://www1.nyc.gov/assets/planning/download/pdf/community/community-portal/statement_needs/mn10_statement_2018.pdf,,Manhattan CD 10,Manhattan Community District 10,0.0954,,0.3765,,0.243,,0.1183,,0.017,0.016,0.169588769,0.10814023,23.6,3.2,3.2,57.1,13.1,1.2,0.2,0.8,0.3,0.8,0.6,1.4,0.8,1.8,10,2.7,2.1,3.5,2.5,3.6,3.8,3.3,3.1,3.7,3.7,3.9,3.2,5.2,4.4,5.6,4.8,3.9,4.2,2.6,2.4,2.8,2.9,2.8,2.6,3.7,3.8,0.1,13,0.1,14.4,0.5,9.3,21.2,14.6,0.9,21.5,0.1,23,0.3,15.6,1,11.3,1.2,23,0.001227714,0.036075366,0.008114399,0.056124416,0.145200913,0.006663844,0.006929393,0.049962051,0.226980953,0.218518011,0.206812803,0.037390137,11.8,15.7,15.755434,95.6,92.1,0.2,44.6,0.5,37.1,2,40.1,0.1,40.3,0.2,31.4,0.7,37,0.1,5.5,0.2,4.6,0.8,7.6,0.2,36.2,0.4,60.4,1.4,36.1,20.3,14.5,1.2,21.1,0.08,1.4,897.1
,1.3,,FALSE,29327,32573,56222,17158,1283,5118,3262,411,0,0,55798418,57971,825865,24678274,5442095,4803617,321730,1165302,3553083,9801961,2488827,162962,3169,17,279,131,61,240,39,76,171,790,217,1044,104,100,89,4,54,36,96515,25961,1983,96,122550,120511,117743,3804,111,61208,20803,2496731,mn11@cb.nyc.gov,www.cb11m.org,"American Community Survey 2012-2016 5-Year Estimates for PUMA 3804, which is an approximation of Manhattan CD 11","East Harlem, Harlem, Randall's Island Park, Wards Island Park",Unemployment,Schools,Affordable housing,http://www1.nyc.gov/assets/planning/download/pdf/community/community-portal/statement_needs/mn11_statement_2018.pdf,,Manhattan CD 11,Manhattan Community District 11,0.1696,0.1157,0.3997,0.4079,0.411,0.392,0.0634,0.0765,0.848,0.843,1.563587325,1.3998,45.2,2.3,7.5,29.8,15.2,1.2,0.6,1.1,0.5,1.7,0.8,1.7,1,2.2,11,3.2,2.2,3.1,2.5,3.2,2.9,3.5,2.6,3.6,2.7,3.9,3,4.6,4.5,5.2,5,4,4.3,3.3,3.5,2.9,3.3,2.6,2.8,2.5,3,0.1,13,0.1,14.4,0.6,12.1,21.2,14.6,0.9,21,0.1,23,0.3,15.6,1.3,20,1.4,24.3,0.001038936,0.044745552,0.014800868,0.442275514,0.097531349,0.086088767,0.005765934,0.02088414,0.063677128,0.175667364,0.044603899,0.002920549,11.8,15.7,16.355851,95.6,95.6,0.2,44.6,0.5,37.1,1.9,38.1,0.1,40.3,0.2,31.4,1,35,0.1,5.5,0.2,4.6,0.6,5.9,0.2,36.2,0.4,60.4,1.4,32.5,20.3,14.5,1.4,23.1,0.02,2.4,1518.5
,1.7,,FALSE,,,73244,1757,109,0,2883,0,0,0,60896982,92592,1058087,30551088,5151586,2191626,250636,1721198,5759375,6700805,5379683,302002,2739,7,91,88,43,192,54,11,189,562,398,928,176,100,70,3,33,21,96515,25961,2057,96,218698,190020,208414,3801,112,12909,397,1738304,ebsmith@cb.nyc.gov,www.nyc.gov/html/mancb12,"American Community Survey 2012-2016 5-Year Estimates for PUMA 3801, which is an approximation of Manhattan CD 12","Inwood, Washington Heights",Schools,Neighborhood preservation (development trends),Affordable housing,http://www1.nyc.gov/assets/planning/download/pdf/community/community-portal/statement_needs/mn12_statement_2018.pdf,,Manhattan CD 12,Manhattan Community District 12,,,0.4921,,0.25,,0.0041,,0.916,0.915,1.0895826,1.01768158,70.1,1.5,2.7,7.8,17.8,1.5,0.6,0.9,0.5,1.3,0.8,1.5,1.5,2.2,12,2.9,2.8,3.2,2.7,3,2.9,3.5,3.5,3.1,3.2,3.7,3.7,4.6,4.7,5.4,6,4.2,4.2,2.6,2.6,2.1,2.4,2.2,2.4,2.8,3,0.1,13,0.1,14.4,0.5,12.5,21.2,14.6,0.7,17.8,0.1,23,0.3,15.6,1.1,37.9,1.1,47.4,0.001520469,0.028544994,0.017375032,0.501684763,0.084595095,0.035989074,0.004115738,0.028264094,0.094575705,0.110035092,0.088340716,0.004959228,11.8,15.7,9.273328,95.6,92.9,0.2,44.6,0.5,37.1,1.6,46.7,0.1,40.3,0.2,31.4,0.7,40,0.1,5.5,0.2,4.6,0.5,7.9,0.2,36.2,0.4,60.4,1.1,32.2,20.3,14.5,1.1,19.9,-0.09,2.8,1790
,1.3,,TRUE,19370,18219,36543,364,299,96,4286,148,0,0,41398733,1400664,2354668,2596334,4344348,5346111,7536199,2160730,2709172,5866022,3123527,2444175,4050,55,232,252,48,170,83,322,281,483,104,829,1191,99,77,3,35,13,96515,20128,2373,96,,91497,82159,3710,201,1431,580,1516783,brxcb1@optonline.net,www1.nyc.gov/site/bronxcb1/index.page,"American Community Survey 2012-2016 5-Year Estimates for PUMA 3710, which is an approximation of both Bronx CD 1 and Bronx CD 2","Melrose, Mott Haven, Port Morris",Unemployment,Health care services,Affordable housing,http://www1.nyc.gov/assets/planning/download/pdf/community/community-portal/statement_needs/bx01_statement_2018.pdf,Bronx CD 2,Bronx CD 1,Bronx Community District 1,0.4179,0.4182,0.4036,0.3732,0.828,0.764,0.0446,0.0484,0.001,0,0.485531083,0.416437356,68.2,1.2,0.8,28.2,1.6,0.8,0.3,0.7,0.3,0.9,0.5,1.5,1,1.8,13,2.5,2.1,3,2.3,3.7,2.8,3.4,3.2,3.6,2.9,3.5,2.7,4.1,3.4,4.3,3.6,4.6,4.2,3.8,3.7,4.2,3.8,4,4.1,3.6,3.8,0.1,13,0.1,11.3,0.4,8.2,21.2,25.6,0.9,29.3,0.1,23,0.3,26,1.2,33.7,1.1,29.6,0.033833499,0.036638392,0.056877779,0.062715301,0.104939154,0.129137068,0.182039363,0.052193143,0.06544094,0.141695689,0.075449821,0.05903985,11.8,14.3,23.359522,95.2,90.3,0.2,44.6,0.5,50.6,1.5,48.6,0.1,40.3,0.2,43.5,0.9,43,0.1,5.5,0.2,7.5,0.6,6.1,0.2,36.2,0.3,19.1,0.9,9.8,20.3,25.8,1.1,29.3,0.11,2.2,1386.6
,0.9,,TRUE,19370,18219,19017,0,102,0,3176,22,0,0,48601151,8219473,1842397,3444778,2193992,8547745,10149082,1307919,1643831,1322814,2737336,1898231,2995,84,192,170,50,100,52,358,111,195,106,757,820,97,39,1,19,18,96515,20128,946,96,,52246,46824,3710,202,848,848,5293553,brxcb2@optonline.net,www.bxcb2.org,"American Community Survey 2012-2016 5-Year Estimates for PUMA 3710, which is an approximation of both Bronx CD 2 and Bronx CD 1","Hunts Point, Longwood",Health care services,Cultural facilities & programs,Affordable housing,http://www1.nyc.gov/assets/planning/download/pdf/community/community-portal/statement_needs/bx02_statement_2018.pdf,Bronx CD 1,Bronx CD 2,Bronx Community District 2,0.4179,0.4182,0.4036,0.3732,0.828,0.764,0.0446,0.0484,0.086,0.081,0.81265752,0.740241191,68.2,1.2,0.8,28.2,1.6,0.7,0.2,0.7,0.3,0.9,0.7,1.3,0.9,1.6,14,1.7,1.8,2.5,2.2,3,2.8,3.4,2.8,3,2.7,3.8,3.4,3.9,3.9,4,4.7,4.1,5.3,4.1,4.4,3.7,4.2,3.9,4.3,3.9,4.3,0.1,13,0.1,11.3,0.4,8.2,21.2,25.6,0.9,29.3,0.1,23,0.3,26,1.2,33.7,1.1,29.6,0.169120954,0.108918264,0.037908506,0.070878527,0.045142799,0.175875361,0.208823902,0.026911276,0.033822882,0.02721775,0.056322452,0.039057326,11.8,14.3,20.880331,95.2,93.6,0.2,44.6,0.5,50.6,1.5,48.6,0.1,40.3,0.2,43.5,0.9,43,0.1,5.5,0.2,7.5,0.6,6.1,0.2,36.2,0.3,19.1,0.9,9.8,20.3,25.8,1.1,29.3,0.12,2.2,1420.1
,0.9,,TRUE,,,32893,0,0,0,3642,0,0,0,30849159,210578,1333608,6229794,3851153,332165,2105729,1842236,2687791,4055688,3859573,3277768,3763,44,279,222,54,208,26,136,126,308,115,1030,1215,100,83,1,25,22,96515,20128,1390,96,,79762,68574,3705,203,14,0,1063076,brxcomm3@optonline.net,www.nyc.gov/bronxcb3,"American Community Survey 2012-2016 5-Year Estimates for PUMA 3705, which is an approximation of both Bronx CD 3 and Bronx CD 6","Claremont, Crotona Park East, Melrose, Morrisania",Youth and children’s services,Unemployment,Health care services,http://www1.nyc.gov/assets/planning/download/pdf/community/community-portal/statement_needs/bx03_statement_2018.pdf,Bronx CD 6,Bronx CD 3,Bronx Community District 3,,,,,,,,,0,0,0.005340146,0,63.5,1.1,0.8,30.1,4.5,0.7,0.2,0.7,0.3,0.9,0.7,1.3,0.9,1.6,15,1.7,1.8,2.5,2.2,3,2.8,3.4,2.8,3,2.7,3.8,3.4,3.9,3.9,4,4.7,4.1,5.3,4.1,4.4,3.7,4.2,3.9,4.3,3.9,4.3,0.1,13,0.1,11.3,0.5,8.4,21.2,25.6,0.9,29.5,0.1,23,0.3,26,1,27.5,1.1,31.3,0.006826053,0.034460453,0.043229963,0.201943722,0.124838184,0.010767392,0.068258879,0.059717544,0.087126881,0.131468349,0.125111125,0.106251454,11.8,14.3,15.410423,95.2,89.2,0.2,44.6,0.5,50.6,1.6,51.6,0.1,40.3,0.2,43.5,0.8,43,0.1,5.5,0.2,7.5,0.6,8.9,0.2,36.2,0.3,19.1,0.8,13.1,20.3,25.8,1.2,30.8,0.16,1.6,1028.8
,1.1,,FALSE,,,51594,0,4,0,3306,13,0,0,36735545,314373,2403981,6749218,4465477,2197394,1186999,2556066,3469733,5816581,4494127,1703072,3415,25,198,181,92,164,59,37,194,317,305,1095,748,100,77,3,26,33,96515,20128,2151,96,141055,146441,139563,3708,204,0,0,1378524,bx04@cb.nyc.gov,www.nyc.gov/html/bxcb4,"American Community Survey 2012-2016 5-Year Estimates for PUMA 3708, which is an approximation of Bronx CD 4","Concourse, Concourse Village, East Concourse, Highbridge, Mount Eden, West Concourse",Traffic,Schools,"Quality of life issues (noise, graffiti, petty crime, etc.)",http://www1.nyc.gov/assets/planning/download/pdf/community/community-portal/statement_needs/bx04_statement_2018.pdf,,Bronx CD 4,Bronx Community District 4,0.3265,,0.3896,,,,0.0788,,0.031,0.03,0.151685334,0.11359534,64.1,1.8,1.7,30.8,1.7,0.6,0.3,0.5,0.3,0.9,0.5,1.5,0.9,1.7,16,2,1.8,2.6,2.6,3.4,2.6,3.6,3,3.2,2.4,3.6,2.6,3.9,2.9,4.5,4.2,4.7,4.6,4.5,4.6,3.8,3.7,3.9,4,4.6,4.4,0.1,13,0.1,11.3,0.5,9.1,21.2,25.6,0.8,28.2,0.1,23,0.3,26,1.4,34.4,1.4,42.2,0.008557733,0.037525617,0.065440189,0.183724455,0.121557391,0.059816562,0.032312002,0.069580185,0.094451654,0.158336592,0.122337289,0.04636033,11.8,14.3,16.109177,95.2,93.9,0.2,44.6,0.5,50.6,1.8,54.6,0.1,40.3,0.2,43.5,0.9,41,0.1,5.5,0.2,7.5,0.7,7.4,0.2,36.2,0.3,19.1,1,14.8,20.3,25.8,1.3,32.3,0.05,2,1275
,1.3,,FALSE,26827,26827,57057,8270,6,0,3441,1,0,0,25017429,49349,694359,2184162,3786689,444222,387675,1749846,3369493,4515942,4136807,3042532,3338,13,116,106,69,138,24,21,221,259,309,876,1186,100,52,3,34,22,96515,20128,1809,96,136982,128200,128313,3707,205,4088,4048,656353,bx05@cb.nyc.gov,www1.nyc.gov/site/bronxcb5/index.page,"American Community Survey 2012-2016 5-Year Estimates for PUMA 3707, which is an approximation of Bronx CD 5","Fordham, Morris Heights, Mount Hope, University Heights",Transit (buses & subways),Schools,Affordable housing,http://www1.nyc.gov/assets/planning/download/pdf/community/community-portal/statement_needs/bx05_statement_2018.pdf,,Bronx CD 5,Bronx Community District 5,,,0.5103,0.5103,0,0,0.0051,0.0051,0.036,0.036,0.091897649,0.091854784,68.8,1.1,1.5,27.4,1.3,0.4,0.2,0.4,0.2,0.7,0.5,1.1,0.8,1.8,17,2.1,1.5,3.2,2.4,3.7,3.3,3.8,2.7,3.3,2.8,3.6,2.8,4,3.2,4.8,4.1,4.7,4.7,4.3,4,4,3.6,3.4,4.2,4,4.2,0.1,13,0.1,11.3,0.5,7.5,21.2,25.6,1,28.5,0.1,23,0.3,26,1.3,36.4,1.2,42.4,0.001972585,0.026235829,0.02775501,0.087305614,0.151362036,0.017756501,0.015496197,0.069945077,0.134685822,0.180511834,0.165357,0.121616494,11.8,14.3,13.975545,95.2,92.1,0.2,44.6,0.5,50.6,1.5,59.8,0.1,40.3,0.2,43.5,1,42,0.1,5.5,0.2,7.5,0.6,8.1,0.2,36.2,0.3,19.1,1,13.1,20.3,25.8,1.6,34.4,0,1.4,879.5
,1.1,,TRUE,,,31147,0,0,0,4329,0,0,0,26975533,113795,1744498,1695899,6804905,796385,867466,2009064,2050572,2742286,4341995,2931077,4198,36,206,248,63,158,45,95,214,391,136,1304,1302,99,62,3,27,17,96515,20128,1500,96,,83268,75688,3705,206,158,0,877591,bronxcb6@bronxcb6.org,www.bronxcb6.org,"American Community Survey 2012-2016 5-Year Estimates for PUMA 3705, which is an approximation of both Bronx CD 6 and Bronx CD 3","Bathgate, Belmont, Bronx Park South, East Tremont, West Farms",Unemployment,Schools,Crime,http://www1.nyc.gov/assets/planning/download/pdf/community/community-portal/statement_needs/bx06_statement_2018.pdf,Bronx CD 3,Bronx CD 6,Bronx Community District 6,,,,,,,,,0.001,0.001,0.004308848,0.003017349,63.5,1.1,0.8,30.1,4.5,0.6,0.3,0.5,0.3,0.9,0.5,1.5,0.9,1.7,18,2,1.8,2.6,2.6,3.4,2.6,3.6,3,3.2,2.4,3.6,2.6,3.9,2.9,4.5,4.2,4.7,4.6,4.5,4.6,3.8,3.7,3.9,4,4.6,4.4,0.1,13,0.1,11.3,0.5,8.4,21.2,25.6,0.9,29.5,0.1,23,0.3,26,1,27.5,1.1,31.3,0.004218452,0.032532851,0.06466964,0.062868044,0.252262115,0.029522494,0.032157511,0.074477268,0.076015996,0.101658269,0.16096049,0.108656871,11.8,14.3,17.414224,95.2,94.1,0.2,44.6,0.5,50.6,1.6,51.6,0.1,40.3,0.2,43.5,0.8,43,0.1,5.5,0.2,7.5,0.6,8.9,0.2,36.2,0.3,19.1,0.8,13.1,20.3,25.8,1.2,30.8,0.1,1.5,985.3
,1.4,,FALSE,24831,24831,50654,0,0,0,6816,0,0,0,33449272,73526,1064272,2596496,7872597,986908,333132,2194797,2556823,5135707,5150064,3497288,3665,13,128,105,30,160,38,24,245,312,354,977,1279,98,46,4,20,16,96515,20128,1742,96,129955,139286,141411,3706,207,3,0,1987662,info@bronxcb7.info,www.bronxcb7.info,"American Community Survey 2012-2016 5-Year Estimates for PUMA 3706, which is an approximation of Bronx CD 7","Bedford Park, Fordham, Kingsbridge Heights, Norwood, University Heights",Schools,"Quality of life issues (noise, graffiti, petty crime, etc.)",Affordable housing,http://www1.nyc.gov/assets/planning/download/pdf/community/community-portal/statement_needs/bx07_statement_2018.pdf,,Bronx CD 7,Bronx Community District 7,,,0.4537,0.4537,0,0,0.0123,0.0123,0,0,0.057456602,0.045718969,69.6,2.2,6.1,15.4,6.6,0.8,0.3,0.8,0.4,0.9,0.6,1.5,0.7,1.6,19,2.8,2.3,2.8,2.2,3.7,2.8,3.3,2.9,3.3,3.3,3.8,3.2,4.6,4.3,4,4.6,4.2,4.2,3,3.3,3.4,3.5,3.6,3.3,4.1,4.6,0.1,13,0.1,11.3,0.6,9,21.2,25.6,1,26.4,0.1,23,0.3,26,1.5,35.2,1.4,43.9,0.002198135,0.059423177,0.031817494,0.077624888,0.235359293,0.029504618,0.00995932,0.065615688,0.076438824,0.153537183,0.1539664,0.104554981,11.8,14.3,15.823031,95.2,95.3,0.2,44.6,0.5,50.6,1.8,55,0.1,40.3,0.2,43.5,0.8,43,0.1,5.5,0.2,7.5,0.9,9.2,0.2,36.2,0.3,19.1,1.3,17,20.3,25.8,1.5,26.4,-0.02,1.9,1223.5
,2.4,,FALSE,,,44616,0,0,0,5420,0,0,0,78946327,83900,780353,12854877,12524324,1553466,412449,2160929,1538129,12165855,2993738,18227826,5011,18,446,79,50,142,32,11,188,145,282,542,3076,91,33,6,10,20,96515,20128,957,96,109810,101731,101332,3701,208,383,36,13650481,bx08@cb.nyc.gov,www.nyc.gov/html/bxcb8,"American Community Survey 2012-2016 5-Year Estimates for PUMA 3701, which is an approximation of Bronx CD 8","Fieldston, Kingsbridge, Marble Hill (MN), North Riverdale, Riverdale, Spuyten Duyvil",Senior services,Parks,Affordable housing,http://www1.nyc.gov/assets/planning/download/pdf/community/community-portal/statement_needs/bx08_statement_2018.pdf,,Bronx CD 8,Bronx Community District 8,,,,,,,,,0.131,0.119,0.563285513,0.532572974,47.7,2.3,5.2,12.4,32.4,2.3,0.8,1.3,0.8,1.7,1.1,1.9,1.3,2.8,20,3.4,2.5,3.5,2.6,3.2,2.5,3.2,3.1,2.9,3.5,3.6,2.8,4,3.8,4.2,3.5,4,3.2,2.3,2.9,2.3,2.8,2.8,3.1,3.2,4.5,0.1,13,0.1,11.3,0.7,16.6,21.2,25.6,0.9,21.4,0.1,23,0.3,26,1.2,20.6,1.4,34,0.001062747,0.172908374,0.009884602,0.16283059,0.15864353,0.019677496,0.005224423,0.027372128,0.019483224,0.154102863,0.037921182,0.230888842,11.8,14.3,8.827964,95.2,97.1,0.2,44.6,0.5,50.6,1.9,43.8,0.1,40.3,0.2,43.5,1.1,45,0.1,5.5,0.2,7.5,0.7,5.9,0.2,36.2,0.3,19.1,1.4,39.5,20.3,25.8,1.3,15.2,0,3.3,2113.1
,1.5,,FALSE,43724,,76284,2373,950,66,13473,67,0,0,81049507,206547,3073134,15787097,4931968,654433,3064446,4657362,2247558,14631857,11087374,16772888,11004,26,379,199,92,153,35,70,283,290,108,3137,6232,89,68,4,10,27,96515,20128,2057,96,189556,172298,167859,3709,209,14647,300,3934843,bx09@cb.nyc.gov,www.nyc.gov/bxcb9,"American Community Survey 2012-2016 5-Year Estimates for PUMA 3709, which is an approximation of Bronx CD 9","Bronx River, Castle Hill, Clason Point, Harding Park, Parkchester, Soundview, Soundview-Bruckner, Unionport",Youth and children’s services,Senior services,Affordable housing,http://www1.nyc.gov/assets/planning/download/pdf/community/community-portal/statement_needs/bx09_statement_2018.pdf,,Bronx CD 9,Bronx Community District 9,0.3269,,0.3856,,,,0.2779,,0.5,0.469,1.075844283,0.663917077,58.4,2.9,7.1,28.8,2.8,0.9,0.3,0.7,0.5,1.4,1,1.7,1.2,2.2,21,3,2.1,3.3,2.5,3.7,3,3.7,3.1,3.2,2.6,3.9,3,3.6,3.6,4.1,4.2,4.3,4.1,3.1,3.5,3.4,3.3,3.2,3.7,3.7,3.5,0.1,13,0.1,11.3,0.5,11.6,21.2,25.6,0.8,24.7,0.1,23,0.3,26,1,24.8,1.1,32,0.002548405,0.048548636,0.037916751,0.194783381,0.060851302,0.008074485,0.037809558,0.057463175,0.027730681,0.18052987,0.13679755,0.206946206,11.8,14.3,12.331688,95.2,96.7,0.2,44.6,0.5,50.6,1.6,48.7,0.1,40.3,0.2,43.5,0.8,46,0.1,5.5,0.2,7.5,0.6,7.9,0.2,36.2,0.3,19.1,0.8,15.9,20.3,25.8,1.2,26.4,0.03,4.1,2622.5
,2.3,,FALSE,63398,88917,50041,2932,2366,1351,20199,1062,0,0,141512155,1466163,2521816,19196315,17625981,509074,2351899,10190253,2357110,10087275,8278184,42378192,15236,52,756,250,82,138,30,100,391,367,54,1860,11156,51,42,5,13,11,96515,20128,1073,96,122417,120392,115948,3703,210,17750,10107,24549893,bx10@cb.nyc.gov,www.nyc.gov/html/bxcb10/,"American Community Survey 2012-2016 5-Year Estimates for PUMA 3703, which is an approximation of Bronx CD 10","City Island, Co-op City, Country Club, Edgewater Park, Pelham Bay, Schuylerville, Throgs Neck, Westchester Square",Traffic,Resiliency,"Quality of life issues (noise, graffiti, petty crime, etc.)",http://www1.nyc.gov/assets/planning/download/pdf/community/community-portal/statement_needs/bx10_statement_2018.pdf,,Bronx CD 10,Bronx Community District 10,0.2316,0.3031,0.425,0.4318,0.769,0.769,0.5764,0.6285,0.536,0.514,2.806680038,2.194083462,37.1,2.2,3,28.5,29.3,2.2,0.9,1.8,0.9,2.4,1.4,2.6,1.8,2.9,22,3.4,3.1,3.6,2.9,3.9,3.3,4.1,3.5,3.1,3.1,3.5,2.9,3.1,2.5,3,2.6,3.8,4.1,2.9,2.8,2.5,2.7,2.6,2.8,2.6,2.5,0.1,13,0.1,11.3,0.9,19.3,21.2,25.6,1,18.8,0.1,23,0.3,26,1,11.9,1.8,20.6,0.010360686,0.173482575,0.01782049,0.135651351,0.124554537,0.003597387,0.016619767,0.072009737,0.01665659,0.071282039,0.058498042,0.299466798,11.8,14.3,8.883873,95.2,99,0.2,44.6,0.5,50.6,3.2,38.6,0.1,40.3,0.2,43.5,1.4,44,0.1,5.5,0.2,7.5,0.6,5.4,0.2,36.2,0.3,19.1,1.5,25.6,20.3,25.8,1.5,14,0.04,6.4,4124.8
,1.7,,FALSE,77082,,68264,208,197,0,15237,7,0,0,62056220,322059,1356132,463907,11070247,1056646,1364786,4856692,2702745,5480361,5751298,26339612,12712,20,382,227,15,136,77,68,338,383,159,1692,9215,86,47,3,34,6,96515,20128,1228,96,129501,113232,110706,3704,211,2071,296,1291735,bx11@cb.nyc.gov,www.nyc.gov/bxcb11,"American Community Survey 2012-2016 5-Year Estimates for PUMA 3704, which is an approximation of Bronx CD 11","Allerton, Bronxdale, Indian Village, Morris Park, Pelham Gardens, Pelham Parkway, Van Nest",Traffic,Neighborhood preservation (development trends),Crime,http://www1.nyc.gov/assets/planning/download/pdf/community/community-portal/statement_needs/bx11_statement_2018.pdf,,Bronx CD 11,Bronx Community District 11,0.4004,,0.6571,,,,0.8454,,0.004,0,0.322820602,0.223115597,47,2.2,7.6,21.5,21.8,1.7,0.5,1.4,0.8,1.3,1.1,1.7,1.4,2.2,23,2.7,2.2,3.2,2.8,3.4,3.2,3.5,3.2,3.6,3.3,3.5,3.7,4,3.7,4.1,4.3,3.7,3.4,2.8,3.6,2.8,3.2,3.2,3.2,3.1,3.1,0.1,13,0.1,11.3,0.6,13.6,21.2,25.6,0.9,22.7,0.1,23,0.3,26,1,22.7,1.3,34.7,0.005189794,0.02081556,0.021853281,0.007475592,0.178390611,0.017027238,0.021992735,0.078262775,0.043553168,0.08831284,0.092678832,0.424447574,11.8,14.3,9.378153,95.2,98,0.2,44.6,0.5,50.6,1.8,46.9,0.1,40.3,0.2,43.5,0.8,43,0.1,5.5,0.2,7.5,0.7,7.6,0.2,36.2,0.3,19.1,1.1,23.8,20.3,25.8,1.2,20.5,0.02,3.6,2302.6
,1.8,,FALSE,,,54697,18,19,0,24673,13,0,0,103999069,465127,2325037,21622877,6717365,2173986,3487001,4218658,1878178,6083701,12275398,39678348,20645,59,793,390,32,233,75,156,418,459,108,3534,14388,67,42,5,17,6,96515,20128,2434,96,144341,152344,149077,3702,212,45,3,3073393,gtorres@cb.nyc.gov,www1.nyc.gov/site/bronxcb12/index.page,"American Community Survey 2012-2016 5-Year Estimates for PUMA 3702, which is an approximation of Bronx CD 12","Baychester, Eastchester, Edenwald, Olinville, Wakefield, Williamsbridge, Woodlawn","Quality of life issues (noise, graffiti, petty crime, etc.)",Police-community relations,Parks,http://www1.nyc.gov/assets/planning/download/pdf/community/community-portal/statement_needs/bx12_statement_2018.pdf,,Bronx CD 12,Bronx Community District 12,,,,,,,,,0.171,0.171,0.29938361,0.171087632,22.6,2.3,2.6,65.5,6.9,1.1,0.5,1.1,0.7,1.4,0.9,1.7,1.2,2.4,24,2.8,2.4,3.7,2.7,4,3.4,3.9,3.2,3.6,3,3.5,2.6,3.4,2.9,4.5,3.3,4.1,4.3,3.6,3.5,3.2,3.2,2.9,3,3.5,3.2,0.1,13,0.1,11.3,0.5,12.7,21.2,25.6,0.8,23.3,0.1,23,0.3,26,0.6,9,1.1,39.7,0.004472415,0.02955212,0.022356325,0.20791414,0.064590626,0.020903899,0.033529156,0.040564382,0.018059566,0.058497649,0.11803373,0.381525992,11.8,14.3,15.674988,95.2,93.8,0.2,44.6,0.5,50.6,1.9,50.4,0.1,40.3,0.2,43.5,0.9,46,0.1,5.5,0.2,7.5,0.6,8.3,0.2,36.2,0.3,19.1,1,22.8,20.3,25.8,1.3,23.2,0.02,5.6,3556.3
,1.5,,FALSE,76244,54165,82471,11109,2350,371,16906,237,0,,95214818,3318532,3376477,4833056,4944547,8596686,23667337,3924879,9797667,6914415,16598721,5043400,15051,286,401,494,79,347,105,1325,458,2667,431,5852,2606,96,49,4,19,28,96515,28276,2336,96,157433,173083,160338,4001,301,24208,598,4199101,bk01@cb.nyc.gov,www.nyc.gov/html/bkncb1,"American Community Survey 2012-2016 5-Year Estimates for PUMA 4001, which is an approximation of Brooklyn CD 1","East Williamsburg, Greenpoint, Northside, Southside, Williamsburg",Senior services,Emergency response,Affordable housing,http://www1.nyc.gov/assets/planning/download/pdf/community/community-portal/statement_needs/bk01_statement_2018.pdf,,Brooklyn CD 1,Brooklyn Community District 1,0.3911,,0.3789,0.4164,0.702,1,0.2044,0.0308,0.118,0.041,1.497672398,0.854500485,23.3,2.1,7.3,4.2,63,1,0.5,0.7,0.4,0.9,0.6,1,0.7,1.7,25,2.3,1.8,2.4,1.9,2.2,2.4,2.3,2.5,2.8,3.2,4.3,4.8,6.4,6.9,7.7,6.8,3.8,3.1,2,2.6,2.3,2.5,2.7,2.9,3.8,4.5,0.1,13,0.1,12.2,0.5,9,21.2,23.3,0.8,21.6,0.1,23,0.2,23.1,0.9,22.5,0.8,23.6,0.034853104,0.044101339,0.035461676,0.050759494,0.051930436,0.09028727,0.248567791,0.041221304,0.102900654,0.072619106,0.174329178,0.052968646,11.8,11.2,16.143842,93.4,92.5,0.2,44.6,0.3,45.7,1.7,40.6,0.1,40.3,0.2,42,0.5,34,0.1,5.5,0.1,5.7,0.4,4.3,0.2,36.2,0.2,34.1,1.2,46.3,20.3,21.6,1,17.3,0.08,4.7,3025.3
,1.6,,FALSE,135043,200000,64080,1443,66,4,8677,6,0,,55305805,161759,1282606,4969700,8360209,9491264,1948501,3912154,5862147,5800651,7138916,4678941,8231,29,242,208,113,261,60,185,319,1189,245,2964,2416,99,61,4,27,28,96515,28276,1940,96,135679,99617,98620,4004,302,1272,790,1698957,cb2k@nyc.rr.com,www.nyc.gov/html/bkncb2,"American Community Survey 2012-2016 5-Year Estimates for PUMA 4004, which is an approximation of Brooklyn CD 2","Boerum Hill, Brooklyn Heights, Clinton Hill, Downtown Brooklyn, DUMBO, Fort Greene, Fulton Ferry, Navy Yard, Vinegar Hill",Street conditions (roadway maintenance),Schools,Affordable housing,http://www1.nyc.gov/assets/planning/download/pdf/community/community-portal/statement_needs/bk02_statement_2018.pdf,,Brooklyn CD 2,Brooklyn Community District 2,0.2489,0.228,0.3168,0.1538,0.868,0.88,0.5778,0.7957,0.048,0.042,0.524436725,0.488532936,15.8,4.2,9.2,26.1,44.7,1.1,0.5,1,0.4,1,0.8,1.5,1,2,26,2.6,2.1,2.7,2.2,2.7,2.5,3.1,3.3,3.8,3.7,4.7,4.8,6.8,6.1,6.2,4.9,3.8,3.6,2.5,2,1.8,2,2.3,2.5,3.2,3.4,0.1,13,0.1,12.2,0.4,10.8,21.2,23.3,0.6,17.3,0.1,23,0.2,23.1,0.8,9.5,0.8,20.1,0.002924811,0.030719325,0.023191164,0.08985856,0.151163318,0.171614246,0.035231401,0.07073677,0.105995148,0.104883222,0.129080772,0.084601264,11.8,11.2,14.580443,93.4,94.8,0.2,44.6,0.3,45.7,1.4,32.1,0.1,40.3,0.2,42,0.6,35,0.1,5.5,0.1,5.7,0.5,5.5,0.2,36.2,0.2,34.1,0.9,59.9,20.3,21.6,0.8,12.1,0.01,2.8,1821
,1.4,,FALSE,35450,,67704,0,0,0,17006,0,0,,54841065,186967,1179395,1815373,6596978,313996,1772598,1601766,4559511,6477201,14794921,13265166,16995,71,822,284,39,368,32,199,245,1457,194,6373,6911,95,95,4,20,35,96515,28276,2699,96,142689,152985,143867,4003,303,0,0,2277193,bk03@cb.nyc.gov,https://www1.nyc.gov/site/brooklyncb3/index.page,"American Community Survey 2012-2016 5-Year Estimates for PUMA 4003, which is an approximation of Brooklyn CD 3","Bedford-Stuyvesant, Stuyvesant Heights, Tompkins Park North",Schools,Police-community relations,Affordable housing,http://www1.nyc.gov/assets/planning/download/pdf/community/community-portal/statement_needs/bk03_statement_2018.pdf,,Brooklyn CD 3,Brooklyn Community District 3,0.5336,,0.7845,,0.829,,0.2266,,0,0,0.04202626,0,18.8,2,3.2,53,23.1,0.6,0.4,0.8,0.4,1.2,0.5,1.4,0.9,1.8,27,2.3,1.7,3.1,2.2,3,2.8,2.9,2.6,3,2.5,3.8,3.3,4.7,4.3,5.9,5.2,4.9,3.9,2.9,3.3,3,3.3,3.3,4.1,4,4.5,0.1,13,0.1,12.2,0.5,9.3,21.2,23.3,1,26.3,0.1,23,0.2,23.1,0.9,12.1,0.9,19.6,0.003409252,0.041523501,0.021505691,0.033102439,0.120292668,0.005725563,0.032322458,0.02920742,0.083140453,0.118108593,0.269778149,0.241883815,11.8,11.2,20.585544,93.4,90.7,0.2,44.6,0.3,45.7,1.7,46.1,0.1,40.3,0.2,42,0.8,41,0.1,5.5,0.1,5.7,0.7,8.3,0.2,36.2,0.2,34.1,1.1,29.6,20.3,21.6,1,22.6,0.06,2.9,1824.2
,1.2,,FALSE,,,39984,0,0,0,11575,0,0,,40143265,234552,1049915,6340103,3479417,573372,2017123,1452607,2990564,1194444,11533860,8345748,11245,76,275,296,102,191,33,192,212,1123,68,4516,4161,88,51,2,14,14,96515,28276,1588,96,135837,112634,104358,4002,304,0,0,931560,BK04@CB.NYC.GOV,www.nyc.gov/brooklyncb4,"American Community Survey 2012-2016 5-Year Estimates for PUMA 4002, which is an approximation of Brooklyn CD 4",Bushwick,Youth and children’s services,Health care services,Affordable housing,http://www1.nyc.gov/assets/planning/download/pdf/community/community-portal/statement_needs/bk04_statement_2018.pdf,,Brooklyn CD 4,Brooklyn Community District 4,,,,,,,,,0,0,0,0,60.5,1.6,4.8,18.3,14.8,0.5,0.3,0.6,0.4,0.8,0.6,1.3,0.8,1.7,28,2.1,1.3,2.4,2.2,2.7,2.5,3.1,2.9,3,3.3,3.6,3.9,4.7,5.2,6.4,7,5.5,5.5,2.7,3.1,2.9,3.2,3,3.1,3.1,3.2,0.1,13,0.1,12.2,0.4,8.3,21.2,23.3,0.8,22,0.1,23,0.2,23.1,1.2,30.1,1.2,34.6,0.005842873,0.023205885,0.0261542,0.157936904,0.086674988,0.014283143,0.050248105,0.036185572,0.074497279,0.02975453,0.287317437,0.207899083,11.8,11.2,11.884736,93.4,92.1,0.2,44.6,0.3,45.7,1.6,48.6,0.1,40.3,0.2,42,0.6,40,0.1,5.5,0.1,5.7,0.6,8.8,0.2,36.2,0.2,34.1,1.1,23.8,20.3,21.6,1.2,25.1,0.08,2,1300.9
,1.4,,FALSE,34925,,63596,581,354,0,23281,0,0,,109315813,781543,6080784,14483727,8336168,4125771,7507387,4057559,3702476,10885089,11749016,29161080,20995,212,1030,585,98,343,152,395,299,1170,50,4119,12542,84,106,4,23,38,96515,28276,3206,96,155735,182896,173198,4008,305,6996,0,8445213,bk05@cb.nyc.gov,www.brooklyncb5.org,"American Community Survey 2012-2016 5-Year Estimates for PUMA 4008, which is an approximation of Brooklyn CD 5","Broadway Junction, City Line, Cypress Hills, East New York, Highland Park, New Lots, Spring Creek, Starrett City",Unemployment,Cultural facilities & programs,Affordable housing,http://www1.nyc.gov/assets/planning/download/pdf/community/community-portal/statement_needs/bk05_statement_2018.pdf,,Brooklyn CD 5,Brooklyn Community District 5,0.6237,,0.4709,,0.873,,0.1605,,0.156,0.144,0.590704793,0.201063044,37.1,2.4,4.5,52.2,3.8,0.9,0.4,0.8,0.4,1.1,0.7,1.7,1,2.1,29,2.8,2.4,3.2,2.6,3.9,3,3.9,2.7,3.3,2.7,3.5,3,4,3.1,4.2,3.7,4.5,3.9,3.6,3.7,3.3,3.4,3.8,3.5,3.7,4,0.1,13,0.1,12.2,0.4,10.5,21.2,23.3,0.8,26.2,0.1,23,0.2,23.1,0.8,15.7,1.2,35.9,0.007149405,0.077255182,0.055625841,0.132494345,0.076257659,0.037741758,0.06867613,0.037117768,0.033869537,0.099574697,0.107477735,0.266759943,11.8,11.2,20.905923,93.4,92.1,0.2,44.6,0.3,45.7,1.6,47.1,0.1,40.3,0.2,42,0.9,46,0.1,5.5,0.1,5.7,0.6,5.7,0.2,36.2,0.2,34.1,0.8,14.6,20.3,21.6,1.1,29.8,0.06,5.6,3569.3
,1.7,,FALSE,43190,30259,54104,4141,1471,1213,14234,805,0,,61906670,1993705,2791627,3663345,3110197,3276826,11635307,4274356,3927874,3875573,12919271,8001340,13825,135,437,305,43,183,51,568,230,1622,119,5653,4479,92,45,4,17,17,96515,28276,1116,96,116344,104709,104054,4005,306,12843,6410,2437249,info@brooklyncb6.org,www1.nyc.gov/site/brooklyncb6/index.page,"American Community Survey 2012-2016 5-Year Estimates for PUMA 4005, which is an approximation of Brooklyn CD 6","Carroll Gardens, Cobble Hill, Columbia St, Gowanus, Park Slope, Red Hook",Other (see Statement of Community District Needs),Resiliency,Neighborhood preservation (development trends),http://www1.nyc.gov/assets/planning/download/pdf/community/community-portal/statement_needs/bk06_statement_2018.pdf,,Brooklyn CD 6,Brooklyn Community District 6,0.2078,0.1877,0.3528,0.3695,0.743,0.782,0.1822,0.123,0.113,0.104,1.091252959,0.961373607,17.5,4.7,6.4,6.8,64.6,0.8,0.3,0.8,0.4,0.6,0.7,1.3,1.1,1.9,30,2.6,2.3,2.6,2.6,2.7,2.5,3.5,3.7,4.3,4.4,5.5,5.4,6.9,6.1,5.3,4.8,2.6,1.7,1.7,1.6,1.9,2.1,3,2.6,4,4,0.1,13,0.1,12.2,0.6,9.6,21.2,23.3,0.7,19.9,0.1,23,0.2,23.1,0.7,8.1,1,17,0.032205011,0.039369732,0.045094123,0.059175288,0.050240095,0.052931712,0.187949166,0.069045161,0.063448317,0.06260348,0.208689484,0.129248432,11.8,11.2,9.79208,93.4,96,0.2,44.6,0.3,45.7,1.9,29.3,0.1,40.3,0.2,42,0.5,38,0.1,5.5,0.1,5.7,0.5,4.5,0.2,36.2,0.2,34.1,1.2,70.9,20.3,21.6,0.8,9.5,0.01,3.1,1962.7
,1.5,,FALSE,,,40951,44,113,0,14587,15,0,,78729669,339848,1030807,22229800,2935732,12563372,10177885,2087812,3450542,1100425,8878770,12748334,13372,36,218,213,36,169,94,646,241,1461,75,3683,6500,87,42,2,21,16,96515,28276,1099,96,151258,126230,120063,4012,307,2172,67,1186342,bk07@cb.nyc.gov,www.nyc.gov/bk07,"American Community Survey 2012-2016 5-Year Estimates for PUMA 4012, which is an approximation of Brooklyn CD 7","Sunset Park, Windsor Terrace",Traffic,Schools,Affordable housing,http://www1.nyc.gov/assets/planning/download/pdf/community/community-portal/statement_needs/bk07_statement_2018.pdf,,Brooklyn CD 7,Brooklyn Community District 7,,,,,,,,,0.004,0,0.677972162,0.638036011,41.2,1.6,32.4,2.6,22.3,0.8,0.3,0.7,0.5,0.9,0.6,1.1,1,1.6,31,2.3,2.2,2.4,2.5,3,3.1,3.3,3.2,3.5,3.8,4.4,4.6,4.2,5.1,5,5.6,3.5,3.4,2.6,2.4,2.7,3.1,3.5,4,3.8,4.1,0.1,13,0.1,12.2,0.5,8.9,21.2,23.3,0.7,24.1,0.1,23,0.2,23.1,1.2,48.2,1,47.8,0.004316645,0.015068551,0.013092993,0.282356071,0.037288763,0.159576081,0.12927636,0.026518745,0.043827721,0.013977259,0.112775401,0.161925411,11.8,11.2,7.397846,93.4,92.3,0.2,44.6,0.3,45.7,1.5,51.7,0.1,40.3,0.2,42,0.7,43,0.1,5.5,0.1,5.7,0.5,5.1,0.2,36.2,0.2,34.1,1,26.2,20.3,21.6,1.2,29.4,0.05,3.7,2390.6
,1.5,,FALSE,,,46868,0,0,0,8336,0,0,,30820746,93543,795253,1666999,3066682,466629,948806,794467,2753179,3795258,9794783,5941690,8071,56,278,169,19,211,48,116,117,1038,170,3116,2733,92,42,1,12,8,96515,28276,1167,96,127627,96317,96076,4006,308,0,0,703457,brooklyncb8@gmail.com,www.brooklyncb8.org,"American Community Survey 2012-2016 5-Year Estimates for PUMA 4006, which is an approximation of Brooklyn CD 8","Crown Heights, Prospect Heights, Weeksville",Other (see Statement of Community District Needs),Neighborhood preservation (development trends),Affordable housing,http://www1.nyc.gov/assets/planning/download/pdf/community/community-portal/statement_needs/bk08_statement_2018.pdf,,Brooklyn CD 8,Brooklyn Community District 8,,,,,,,,,0,0,0,0,12.2,3.4,3.7,59.3,21.3,1.1,0.4,0.8,0.4,1.2,0.7,1.6,0.9,2,32,2.5,2.2,3.3,2.4,3.8,2.3,3.2,2.8,3.6,3.5,4.5,3.6,5.8,4.7,5.9,5.4,4.3,3.7,2.6,2.9,2.6,2.2,2.6,2.5,3.1,3.4,0.1,13,0.1,12.2,0.5,10.6,21.2,23.3,0.8,19.9,0.1,23,0.2,23.1,0.7,8.7,1.2,29.5,0.003035066,0.022824139,0.025802523,0.054086913,0.099500577,0.015140094,0.030784654,0.02577702,0.089328759,0.123139719,0.317798375,0.19278216,11.8,11.2,10.868352,93.4,91.9,0.2,44.6,0.3,45.7,1.6,43.6,0.1,40.3,0.2,42,0.7,42,0.1,5.5,0.1,5.7,0.5,5.7,0.2,36.2,0.2,34.1,1.2,38.1,20.3,21.6,1,21.4,0,1.6,1047
,1.5,,FALSE,,,38953,0,0,0,8764,0,0,,30881252,17982,628090,525724,6286191,219587,369676,1069195,2834447,3514337,4764517,10320423,6954,20,115,67,7,165,19,24,116,763,188,1227,4243,91,44,3,16,4,96515,28276,1235,96,111325,98429,104014,4011,309,0,0,331083,bk09@cb.nyc.gov,www.communitybrd9bklyn.org,"American Community Survey 2012-2016 5-Year Estimates for PUMA 4011, which is an approximation of Brooklyn CD 9","Crown Heights South, Prospect Lefferts Gardens, Wingate",Social services (including services for the homeless),Schools,Affordable housing,http://www1.nyc.gov/assets/planning/download/pdf/community/community-portal/statement_needs/bk09_statement_2018.pdf,,Brooklyn CD 9,Brooklyn Community District 9,,,,,,,,,0,0,0,0,9.6,2.5,1.8,66.3,19.8,1.2,0.5,1.1,0.7,1.4,0.7,1.9,1.1,2.8,33,3.3,2.3,3.3,2.7,3.6,2.7,3.3,2.3,3.1,2.8,3.6,2.9,4.4,4.2,4.8,5.1,3.7,4.2,2.8,2.8,3.2,2.8,2.8,3.1,3.8,3.4,0.1,13,0.1,12.2,0.6,13.1,21.2,23.3,1.2,22.7,0.1,23,0.2,23.1,1.1,11.6,1.4,41.1,0.000582295,0.010721165,0.020338877,0.017024051,0.203560108,0.00711069,0.011970888,0.034622787,0.091785365,0.113801636,0.154285098,0.33419704,11.8,11.2,12.042475,93.4,93,0.2,44.6,0.3,45.7,1.8,49,0.1,40.3,0.2,42,1,42,0.1,5.5,0.1,5.7,0.6,7.3,0.2,36.2,0.2,34.1,1.4,28.8,20.3,21.6,1.4,22.1,-0.05,1.6,1040.6
,2,,FALSE,82943,,53293,,,0,24267,0,0,,88001643,20080,668385,26337719,12417344,1055470,468262,2146226,4405639,3228065,7952007,29072119,17084,17,135,132,32,147,41,44,319,1784,168,2577,11688,81,23,4,14,13,96515,28276,846,96,125011,124491,122542,4013,310,295,0,230327,bk10@cb.nyc.gov,www.bkcb10.org,"American Community Survey 2012-2016 5-Year Estimates for PUMA 4013, which is an approximation of Brooklyn CD 10","Bay Ridge, Dyker Heights, Fort Hamilton",Schools,Parks,Neighborhood preservation (development trends),http://www1.nyc.gov/assets/planning/download/pdf/community/community-portal/statement_needs/bk10_statement_2018.pdf,,Brooklyn CD 10,Brooklyn Community District 10,0.267,,0.4149,,0.398,,0.3041,,0.773,0.722,0.799244005,0.722309706,15.4,1.8,24,1.5,57.3,1.6,0.7,1.3,0.8,1.5,1.1,1.9,1.6,2.9,34,3,2.9,3.2,3.2,3.7,3.6,3.7,3.4,3.6,3.5,3.7,3.3,4.1,4.2,4,4,2.8,2.9,2.7,2.3,2.4,2.4,2.8,2.9,3.2,3.3,0.1,13,0.1,12.2,0.6,15.3,21.2,23.3,0.8,20.1,0.1,23,0.2,23.1,1.1,28.3,1.1,39.3,0.000228178,0.002617303,0.007595142,0.299286674,0.141103547,0.011993753,0.00532106,0.024388476,0.050063145,0.036681872,0.090362029,0.330358821,11.8,11.2,6.60669,93.4,97.8,0.2,44.6,0.3,45.7,1.8,43.6,0.1,40.3,0.2,42,0.7,44,0.1,5.5,0.1,5.7,0.5,4.9,0.2,36.2,0.2,34.1,1,39.4,20.3,21.6,1.1,19,0.02,4,2548.9
,2,,FALSE,49013,41986,66202,5080,2155,1257,29551,635,0,,69545813,90215,948047,2033971,2844364,1671925,1856772,4207375,4294759,2337233,18494728,30025374,21829,20,139,134,16,138,63,130,472,1736,136,6011,12834,67,33,2,10,5,96515,28276,1128,96,189076,181981,172129,4017,311,17940,5068,741050,info@brooklyncb11.org,www.brooklyncb11.org,"American Community Survey 2012-2016 5-Year Estimates for PUMA 4017, which is an approximation of Brooklyn CD 11","Bath Beach, Bensonhurst, Gravesend, Mapleton",Trash removal & cleanliness,Street conditions (roadway maintenance),"Quality of life issues (noise, graffiti, petty crime, etc.)",http://www1.nyc.gov/assets/planning/download/pdf/community/community-portal/statement_needs/bk11_statement_2018.pdf,,Brooklyn CD 11,Brooklyn Community District 11,0.4438,0.4254,0.4477,0.5549,0.457,0.485,0.3313,0.5817,0.059,0.054,0.462743518,0.324974596,14.4,1.5,39.1,0.9,44.2,1.6,0.9,1.3,0.9,1.3,1.2,1.7,1.5,2.5,35,3,2.8,3.4,3.2,3.6,3.5,3.5,3.1,3.7,3.3,3.5,3.4,3.9,4.1,4.2,4.2,3,3.2,2.6,2.6,2.2,2.8,2.6,3,3.5,3.3,0.1,13,0.1,12.2,0.5,14.8,21.2,23.3,0.6,20.7,0.1,23,0.2,23.1,1,47.3,0.9,55.5,0.001297202,0.010655566,0.013631978,0.029246491,0.040899141,0.024040628,0.026698545,0.060497891,0.061754386,0.033607099,0.265935895,0.431735179,11.8,11.2,5.908536,93.4,93.9,0.2,44.6,0.3,45.7,1.4,46.8,0.1,40.3,0.2,42,0.7,47,0.1,5.5,0.1,5.7,0.3,5.1,0.2,36.2,0.2,34.1,0.8,28.9,20.3,21.6,1,23,0.06,3.7,2368.6
,1.7,,FALSE,,,60184,0,0,0,24891,0,0,,65764300,109162,914327,3692326,4653438,1005321,1619059,2611250,4693654,3489148,14837368,26939077,19385,43,340,190,22,495,79,250,501,1891,207,5041,10326,74,26,4,23,6,96515,28276,874,96,164842,191382,185046,4014,312,0,0,1200170,bkcb12@gmail.com,www.brooklyncb12.org,"American Community Survey 2012-2016 5-Year Estimates for PUMA 4014, which is an approximation of Brooklyn CD 12","Borough Park, Kensington, Ocean Parkway",Trash removal & cleanliness,Traffic,Affordable housing,http://www1.nyc.gov/assets/planning/download/pdf/community/community-portal/statement_needs/bk12_statement_2018.pdf,,Brooklyn CD 12,Brooklyn Community District 12,,,,,,,,,0,0,0,0,10.9,2,14,2.3,70.7,1.4,0.8,0.9,0.6,0.9,0.6,1,0.9,2,36,2.6,2.4,2.3,2.2,2,2.4,2,2.1,2.7,2.8,2.8,3,3.2,3.6,3.8,4,3.4,3.8,3.5,3.8,4.5,4.5,4.8,5,5.7,6.3,0.1,13,0.1,12.2,0.5,10.7,21.2,23.3,0.7,35.8,0.1,23,0.2,23.1,1.2,32.6,0.8,30.6,0.001659898,0.018249567,0.01390309,0.056144838,0.070759333,0.015286729,0.024619117,0.039706193,0.07137085,0.053055351,0.225614323,0.409630711,11.8,11.2,6.022785,93.4,86.3,0.2,44.6,0.3,45.7,2,60.6,0.1,40.3,0.2,42,0.8,37,0.1,5.5,0.1,5.7,0.4,3.5,0.2,36.2,0.2,34.1,1,27.3,20.3,21.6,1.3,28.3,0.03,3.6,2292.3
,2.7,,FALSE,32264,30058,46051,42935,7675,26070,7895,6114,0,,74386990,381842,2046374,28515477,4985540,778714,703176,2505760,2756293,12070353,4821192,8994791,6842,48,455,240,67,117,45,56,253,391,180,1427,3563,95,36,4,12,17,96515,28276,901,96,109876,104278,106120,4018,313,102416,84464,5827478,edmark@cb.nyc.gov,www1.nyc.gov/site/brooklyncb13/index.page,"American Community Survey 2012-2016 5-Year Estimates for PUMA 4018, which is an approximation of Brooklyn CD 13","Brighton Beach, Coney Island, Gravesend, Homecrest, Sea Gate, West Brighton",Other (see Statement of Community District Needs),Traffic,Resiliency,http://www1.nyc.gov/assets/planning/download/pdf/community/community-portal/statement_needs/bk13_statement_2018.pdf,,Brooklyn CD 13,Brooklyn Community District 13,0.2811,0.264,0.4675,0.4736,0.417,0.373,0.2817,0.2657,1.023,1.023,2.654508917,2.567687734,15,2.5,14.5,10.6,57.5,2.3,1.3,2.2,1.3,3.2,2,2.4,1.6,3.5,37,3.9,3,3.5,3,4.1,2.9,3,2.7,3.4,2.7,2.9,2.9,3.1,2.5,3.1,3.9,3,2.8,2.7,2.5,2.2,2.7,2.7,2.7,3,2.8,0.1,13,0.1,12.2,0.8,22.4,21.2,23.3,1,19.3,0.1,23,0.2,23.1,1.5,43.5,1,53,0.005133183,0.078340016,0.027509837,0.383339573,0.067021666,0.010468417,0.009452943,0.03368546,0.037053428,0.162264302,0.064812301,0.120918873,11.8,11.2,8.662746,93.4,93.8,0.2,44.6,0.3,45.7,2.1,45.5,0.1,40.3,0.2,42,1.1,46,0.1,5.5,0.1,5.7,0.7,6,0.2,36.2,0.2,34.1,1.4,35.6,20.3,21.6,1.2,24,-0.02,3.2,2023.6
,2,,FALSE,,,60505,0,0,0,17015,0,0,,55690934,41348,578559,2054014,4795334,1365827,196543,2506743,3232831,8237365,5531663,26763972,11756,13,127,81,11,240,71,18,385,1167,523,1242,7878,59,35,5,18,2,96515,28276,1300,96,162030,160664,168806,4015,314,0,0,386735,info@cb14brooklyn.com,www.cb14brooklyn.com,"American Community Survey 2012-2016 5-Year Estimates for PUMA 4015, which is an approximation of Brooklyn CD 14","Ditmas Park, Flatbush, Manhattan Terrace, Midwood, Ocean Parkway, Prospect Park South",Other (see Statement of Community District Needs),Traffic,Parks,http://www1.nyc.gov/assets/planning/download/pdf/community/community-portal/statement_needs/bk14_statement_2018.pdf,,Brooklyn CD 14,Brooklyn Community District 14,,,,,,,,,0,0,0,0,15.1,2.7,10.5,32,39.6,1.2,0.5,0.9,0.6,1.2,0.8,1.5,1.2,2.1,38,3,2.5,3.3,2.5,3.4,2.8,3,2.8,3.7,2.9,3.4,3.5,4.1,3.5,4.5,3.8,4.2,3.3,3,3.1,3.2,3.3,3.7,3.4,3.6,4.2,0.1,13,0.1,12.2,0.5,12.1,21.2,23.3,0.8,25.2,0.1,23,0.2,23.1,1.2,27.7,0.9,42.7,0.000742455,0.006944308,0.010388747,0.036882377,0.086106187,0.024525123,0.003529174,0.045011689,0.058049502,0.147912136,0.099327891,0.480580412,11.8,11.2,8.833473,93.4,93.4,0.2,44.6,0.3,45.7,1.6,50.1,0.1,40.3,0.2,42,0.7,42,0.1,5.5,0.1,5.7,0.5,5.5,0.2,36.2,0.2,34.1,1.1,36.4,20.3,21.6,1,22.1,-0.05,2.9,1886.6
,2.7,,FALSE,52784,59019,64260,28795,12704,12903,30643,6436,0,,90264881,457788,833780,2357621,7377233,2212030,345617,5166114,3613901,8965102,7282992,45640426,23406,87,677,194,54,245,53,35,712,1150,285,2161,17753,75,36,6,18,9,96515,28276,1255,96,150931,159650,160319,4016,315,78708,36291,6012277,bklcb15@verizon.net,www.nyc.gov/html/bkncb15,"American Community Survey 2012-2016 5-Year Estimates for PUMA 4016, which is an approximation of Brooklyn CD 15","Gerritsen Beach, Gravesend, Homecrest, Kings Highway, Manhattan Beach, Plumb Beach, Sheepshead Bay",Trash removal & cleanliness,Transit (buses & subways),Traffic,http://www1.nyc.gov/assets/planning/download/pdf/community/community-portal/statement_needs/bk15_statement_2018.pdf,,Brooklyn CD 15,Brooklyn Community District 15,0.3138,0.3374,0.4522,0.5202,0.492,0.541,0.5101,0.5307,0.063,0.058,2.01907757,1.326456602,9.1,2,15.9,3.8,69.1,1.9,1.1,1.1,0.8,1.5,1.4,2,1.7,3,39,3.4,3.2,3.8,3.2,3.4,3.1,3.3,3.1,3.1,3,3.3,3.1,3.4,3.3,3.7,3.2,2.8,3.2,2.6,2.8,2.8,2.9,3.1,2.8,3.4,3.7,0.1,13,0.1,12.2,0.6,17.2,21.2,23.3,0.8,22.1,0.1,23,0.2,23.1,0.9,32.7,1.1,47.8,0.005071607,0.066607045,0.009237036,0.026118918,0.081728718,0.024505987,0.00382892,0.057232823,0.040036623,0.099319934,0.080684668,0.50562772,11.8,11.2,7.90535,93.4,97.5,0.2,44.6,0.3,45.7,2.1,47.1,0.1,40.3,0.2,42,0.6,44,0.1,5.5,0.1,5.7,0.4,4.9,0.2,36.2,0.2,34.1,1,39.9,20.3,21.6,1,19.4,0,4.7,3022.2
,1.5,,FALSE,,,35342,0,0,0,8567,0,0,,34863641,295474,995652,1874502,3262477,1353471,1664480,1241248,2016044,5732468,7061253,7790338,8206,67,455,189,62,211,77,146,224,606,64,2356,3749,99,55,3,7,23,96515,28276,1624,96,123596,86468,85343,4007,316,0,0,1576234,bk16@cb.nyc.gov,www.nyc.gov/brooklyncb16,"American Community Survey 2012-2016 5-Year Estimates for PUMA 4007, which is an approximation of Brooklyn CD 16","Broadway Junction, Brownsville, Ocean Hill",Health care services,"Commercial development (retail mix, small business and MBWE support, etc.)",Affordable housing,http://www1.nyc.gov/assets/planning/download/pdf/community/community-portal/statement_needs/bk16_statement_2018.pdf,,Brooklyn CD 16,Brooklyn Community District 16,,,,,,,,,0,0,0,0,21.1,1.2,1.5,74.2,2.1,0.6,0.3,1,0.2,1.2,0.5,1.4,1,2.2,40,2.5,1.6,3.3,2.1,4,2.8,4,2.5,4.2,2.4,4.2,2.5,4.1,2.6,5.2,3.5,3.8,4.3,3.6,3.5,3.9,4,3.5,3.7,4.1,4.4,0.1,13,0.1,12.2,0.5,9.9,21.2,23.3,1.2,28,0.1,23,0.2,23.1,0.8,9.6,1.1,30.2,0.008475133,0.045211399,0.028558463,0.053766673,0.093578207,0.038821849,0.047742575,0.035602937,0.057826548,0.164425397,0.202539173,0.223451647,11.8,11.2,12.58877,93.4,92.2,0.2,44.6,0.3,45.7,1.9,51.2,0.1,40.3,0.2,42,1.1,47,0.1,5.5,0.1,5.7,0.6,7.6,0.2,36.2,0.2,34.1,0.8,13.2,20.3,21.6,1.4,28.2,0.01,1.9,1188.4
,1.5,,FALSE,,,57066,0,0,0,24400,0,0,,61338614,358778,1340876,3504975,4418399,1250824,2215373,2219319,3187546,3509738,11360028,27359544,18260,65,202,233,15,259,64,197,305,1098,138,3743,11941,60,44,3,10,6,96515,28276,1968,96,138643,155252,165753,4010,317,0,0,613214,bk17@cb.nyc.gov,www.cb17brooklyn.org,"American Community Survey 2012-2016 5-Year Estimates for PUMA 4010, which is an approximation of Brooklyn CD 17","East Flatbush, Farragut, Flatbush, Northeast Flatbush, Remsen Village, Rugby, Erasmus",Senior services,Schools,Cultural facilities & programs,http://www1.nyc.gov/assets/planning/download/pdf/community/community-portal/statement_needs/bk17_statement_2018.pdf,,Brooklyn CD 17,Brooklyn Community District 17,,,,,,,,,0,0,0,0,7.4,1.7,1.4,87.3,2.2,1.2,0.6,1.1,0.7,1.7,1,2.1,1.7,2.9,41,3.6,2.3,3.9,2.5,3.9,2.8,4.2,2.6,4.2,2.9,3.5,2.6,4.2,2.9,4.1,3.3,3.7,3.3,3.5,3.3,2.9,3.1,2.7,3.3,3.2,2.9,0.1,13,0.1,12.2,0.5,14.4,21.2,23.3,0.8,22.2,0.1,23,0.2,23.1,0.8,8.9,0.9,53.1,0.005849138,0.009997194,0.021860227,0.057141412,0.072032912,0.020392114,0.036117102,0.036181434,0.051966385,0.057219063,0.185201902,0.446041119,11.8,11.2,14.626822,93.4,95.8,0.2,44.6,0.3,45.7,2,49.3,0.1,40.3,0.2,42,0.8,46,0.1,5.5,0.1,5.7,0.4,5.7,0.2,36.2,0.2,34.1,1.1,22.3,20.3,21.6,1.1,19,-0.06,3.4,2153.2
,2.1,,FALSE,62988,70796,65392,23209,14954,7734,44947,4531,0,,204869858,1177780,3143109,79096889,6260102,2798260,5265844,8355730,2153575,5413576,9259321,77143760,35604,111,499,260,94,226,119,162,574,811,41,2384,30323,77,51,5,10,17,96515,28276,1827,96,208920,193543,194653,4009,318,83540,31115,4801912,bkbrd18@optonline.net,,"American Community Survey 2012-2016 5-Year Estimates for PUMA 4009, which is an approximation of Brooklyn CD 18","Bergen Beach, Canarsie, Flatlands, Georgetown, Marine Park, Mill Basin, Mill Island, Paerdegat Basin",Street conditions (roadway maintenance),Resiliency,Parks,http://www1.nyc.gov/assets/planning/download/pdf/community/community-portal/statement_needs/bk18_statement_2018.pdf,,Brooklyn CD 18,Brooklyn Community District 18,0.4471,0.4911,0.4275,0.4787,0.753,0.786,0.5477,0.6065,2.811,2.649,5.337511132,3.815672505,8,1.7,4.4,63,23,1.3,0.5,0.9,0.5,1.2,0.9,1.9,1.3,2.7,42,3.9,2.8,3.9,3.3,4.1,3,3.7,3,3.8,2.8,3.2,2.7,3.5,3.1,3.7,3.4,3.7,3.4,3.2,3.5,3.5,3.4,3.2,3,3,2.9,0.1,13,0.1,12.2,0.4,13.3,21.2,23.3,0.5,23.1,0.1,23,0.2,23.1,0.6,14.5,0.8,40.5,0.005748918,0.023438841,0.015341979,0.386083584,0.030556481,0.01365872,0.025703361,0.040785551,0.010511917,0.026424463,0.045196112,0.376550073,11.8,11.2,9.498186,93.4,93.3,0.2,44.6,0.3,45.7,1.8,43.4,0.1,40.3,0.2,42,0.6,47,0.1,5.5,0.1,5.7,0.4,5.6,0.2,36.2,0.2,34.1,0.8,30.4,20.3,21.6,0.8,15,-0.01,8.5,5410.5
,1.7,,FALSE,37693,39665,84490,2688,1051,891,24420,328,0,,100422779,455513,3497352,8255068,4719329,8843163,10901245,7736343,5929879,8107664,19438638,19298073,19437,55,361,528,64,205,122,843,673,1645,188,6371,8382,63,57,6,18,13,96515,19371,1971,96,172468,191105,211220,4101,401,12237,3806,3240512,Qn01@cb.nyc.gov,www1.nyc.gov/site/queenscb1/index.page,"American Community Survey 2012-2016 5-Year Estimates for PUMA 4101, which is an approximation of Queens CD 1","Astoria, Astoria Heights, Queensbridge, Dutch Kills, Long Island City, Ravenswood, Rikers Island (BX), Steinway",Transit (buses & subways),Police-community relations,Affordable housing,http://www1.nyc.gov/assets/planning/download/pdf/community/community-portal/statement_needs/qn01_statement_2018.pdf,,Queens CD 1,Queens Community District 1,0.3349,0.2439,0.386,0.411,0.614,0.423,0.1598,0.0935,0.151,0.143,0.977052599,0.65344422,27.2,2.9,15.9,6.3,47.8,1.2,0.5,1,0.7,1.3,0.9,1.6,1.2,2.2,43,2.4,2.1,2.8,2.3,3.1,3,3.3,3.3,3.1,3.6,4.3,4.7,6.2,6.3,7.1,6.8,3.8,3.6,1.8,2,1.8,2,1.8,1.9,2.3,2.5,0.1,13,0.1,13.7,0.6,12.3,21.2,20.5,0.6,14.5,0.1,23,0.2,28.9,0.9,24.8,1,40.4,0.004535953,0.032268695,0.034826282,0.082203142,0.046994607,0.088059334,0.108553509,0.077037731,0.059049143,0.080735308,0.193568015,0.192168283,11.8,9.1,12.989852,96.8,95.6,0.2,44.6,0.6,47.5,1.5,39.2,0.1,40.3,0.2,43,0.4,38,0.1,5.5,0.1,5,0.4,5.4,0.2,36.2,0.3,30.6,1,43.9,20.3,20.2,0.9,18.3,-0.1,6.2,3938
,1.8,,FALSE,111045,,55803,8498,705,3902,12113,170,0,,87751784,1311912,5588900,13723728,3322591,5720283,23134002,4475433,2800895,4695389,7538468,10366885,10790,53,405,495,52,139,124,938,423,651,194,2587,4729,76,41,3,7,18,96515,19371,986,96,139088,113200,109920,4109,402,9468,3785,5073298,qn02@cb.nyc.gov,www.nyc.gov/queenscb2,"American Community Survey 2012-2016 5-Year Estimates for PUMA 4109, which is an approximation of Queens CD 2","Blissville, Hunters Point, Long Island City, Sunnyside, Sunnyside Gardens, Woodside",Schools,Health care services,Affordable housing,http://www1.nyc.gov/assets/planning/download/pdf/community/community-portal/statement_needs/qn02_statement_2018.pdf,,Queens CD 2,Queens Community District 2,0.1329,,0.3485,,0.646,,0.1666,,0.089,0.083,0.811565099,0.595243029,33.2,2.3,35.2,1.3,28.1,0.9,0.4,0.9,0.6,1.1,0.9,1.6,1.2,2.2,44,2.5,2.5,3,2.7,3.2,3.4,3.1,3.8,3.7,5,4.6,5.1,5.4,5.7,5.2,4.9,2.7,2.9,2.3,1.9,2,2.3,2.4,2.6,2.7,3,0.1,13,0.1,13.7,0.5,11.6,21.2,20.5,0.9,17.5,0.1,23,0.2,28.9,1.4,39.5,1,55.1,0.01495026,0.057814186,0.063689873,0.156392581,0.037863515,0.065187085,0.263629991,0.051001049,0.031918382,0.053507619,0.085906721,0.118138738,11.8,9.1,7.547115,96.8,93.5,0.2,44.6,0.6,47.5,1.7,44.2,0.1,40.3,0.2,43,0.5,38,0.1,5.5,0.1,5,0.3,3.7,0.2,36.2,0.3,30.6,1.2,38.1,20.3,20.2,1,20.4,0.03,5,3211.4
,1.6,,FALSE,,,52716,0,0,0,18893,0,0,,52665349,75005,1183837,995829,3431310,213682,187623,5545696,2430609,5029075,9806149,23151966,14685,25,232,138,27,146,19,30,469,759,197,3376,9267,70,31,4,10,15,96515,19371,1829,96,180562,171576,169083,4102,403,0,0,614568,communityboard3@nyc.rr.com,www.cb3qn.nyc.gov,"American Community Survey 2012-2016 5-Year Estimates for PUMA 4102, which is an approximation of Queens CD 3","East Elmhurst, Jackson Heights, North Corona",Senior services,Schools,Affordable housing,http://www1.nyc.gov/assets/planning/download/pdf/community/community-portal/statement_needs/qn03_statement_2018.pdf,,Queens CD 3,Queens Community District 3,,,,,,,,,0,0,0.010889522,0,66.7,1.5,16.9,4.8,10,1,0.4,1,0.5,1,0.9,1.7,1.2,2.1,45,2.5,2,2.5,3,3,3.2,3.4,3.9,3.2,4.2,3.5,4.2,3.9,5.3,4.3,5,3.8,3.9,2.6,2.7,2.6,2.8,3,3.1,3.4,3.7,0.1,13,0.1,13.7,0.6,11.3,21.2,20.5,0.8,21.7,0.1,23,0.2,28.9,1.1,47.7,1,60,0.001424181,0.011669305,0.02247848,0.018908619,0.065153086,0.004057355,0.003562551,0.10530066,0.046151958,0.095491155,0.186197361,0.43960529,11.8,9.1,10.079284,96.8,94.8,0.2,44.6,0.6,47.5,1.9,53.7,0.1,40.3,0.2,43,0.7,41,0.1,5.5,0.1,5,0.4,4.3,0.2,36.2,0.3,30.6,0.9,19.9,20.3,20.2,1,25.4,0.01,3,1905.3
,1.8,,FALSE,,,52627,0,0,0,14600,0,0,,42387581,32702,844325,1163870,2921111,1089268,880401,2990643,2955527,4785213,12119382,12024933,11913,18,231,169,24,129,41,71,411,791,188,4854,4986,76,35,2,6,12,96515,19371,1344,96,142289,172598,167005,4107,404,0,0,580206,qn04@cb.nyc.gov,www1.nyc.gov/site/queenscb4/index.page,"American Community Survey 2012-2016 5-Year Estimates for PUMA 4107, which is an approximation of Queens CD 4","Corona, Corona Heights, Elmhurst, Lefrak City",Youth and children’s services,Neighborhood preservation (development trends),Affordable housing,http://www1.nyc.gov/assets/planning/download/pdf/community/community-portal/statement_needs/qn04_statement_2018.pdf,,Queens CD 4,Queens Community District 4,,,,,,,,,0.001,0,0.001137545,0,50.7,1.9,33.2,7.9,6.3,0.9,0.4,0.9,0.5,1.3,0.8,1.5,1.1,2.3,46,2.8,2.4,3.1,3.1,2.7,3.1,2.9,3.5,3.9,4.2,3.8,4.4,4.2,4.5,3.7,4.7,3.2,3.9,2.4,2.8,2.6,2.9,2.8,3.4,3.5,4,0.1,13,0.1,13.7,0.7,11.6,21.2,20.5,0.9,22.3,0.1,23,0.2,28.9,1.3,52,1.2,62.7,0.0007715,0.013688113,0.01991916,0.027457807,0.068914312,0.02569781,0.020770258,0.070554699,0.069726248,0.112891863,0.285918227,0.283690003,11.8,9.1,10.227701,96.8,94.8,0.2,44.6,0.6,47.5,2.1,56,0.1,40.3,0.2,43,0.8,43,0.1,5.5,0.1,5,0.5,3.9,0.2,36.2,0.3,30.6,1.1,21.3,20.3,20.2,1.3,27.1,0.03,2.4,1506.8
,1.8,,FALSE,51629,,66031,0,25,0,41562,12,0,,158814603,888380,2620893,56197227,3777364,2775189,15306140,4745098,4726383,759626,15838701,50017095,31463,82,477,505,90,170,99,593,359,1776,15,5890,21407,73,42,4,5,12,96515,19371,1268,96,174240,169190,165911,4110,405,3,0,1162507,qnscb5@nyc.rr.com,www.nyc.gov/qnscb5,"American Community Survey 2012-2016 5-Year Estimates for PUMA 4110, which is an approximation of Queens CD 5","Glendale, Maspeth, Middle Village, Ridgewood",Traffic,Street flooding,Emergency response,http://www1.nyc.gov/assets/planning/download/pdf/community/community-portal/statement_needs/qn05_statement_2018.pdf,,Queens CD 5,Queens Community District 5,0.5268,,0.6431,,0.786,,0.2835,,0,0,0.1333822,0.059700952,35.8,1.3,8.4,1.5,53.1,1.2,0.6,1.1,0.5,1.3,0.9,1.4,1.3,2.2,47,3.1,2.7,3.5,3.4,3.4,3.4,3.5,3.5,3.3,3.6,4.1,3.9,4.3,3.8,4,4.1,3.2,3.5,2.6,2.9,3.1,2.5,2.9,3.2,2.9,3.1,0.1,13,0.1,13.7,0.5,12.5,21.2,20.5,0.7,21.2,0.1,23,0.2,28.9,0.8,22.9,1,38.9,0.005593818,0.0073199,0.016502846,0.35385428,0.02378474,0.017474394,0.096377409,0.029878222,0.02976038,0.004783099,0.09973076,0.314940151,11.8,9.1,8.014425,96.8,97.3,0.2,44.6,0.6,47.5,1.7,42.8,0.1,40.3,0.2,43,0.6,40,0.1,5.5,0.1,5,0.3,4.2,0.2,36.2,0.3,30.6,0.8,26.2,20.3,20.2,0.8,18.6,0.02,7.5,4829.4
,2.4,,FALSE,30098,,55602,0,0,0,14470,0,0,,52318253,13312,403474,1042134,3354918,1778091,92325,3784357,3025529,10147928,2698986,25449701,10339,6,155,116,13,96,41,3,284,332,310,523,8460,75,21,3,7,5,96515,19371,614,96,114637,113257,115967,4108,406,2059,0,527498,qn06@cb.nyc.gov,www1.nyc.gov/site/queenscb6/index.page,"American Community Survey 2012-2016 5-Year Estimates for PUMA 4108, which is an approximation of Queens CD 6","Forest Hills, Forest Hills Gardens, Rego Park",Transit (buses & subways),Senior services,Schools,http://www1.nyc.gov/assets/planning/download/pdf/community/community-portal/statement_needs/qn06_statement_2018.pdf,,Queens CD 6,Queens Community District 6,0.326,,0.3804,,0.503,,0.1797,,0,0,0.028237079,0.008301143,15.7,3.1,27.2,2.9,51.2,2.3,0.9,1.7,1,1.9,1.3,2.2,1.6,2.9,48,3.6,2.9,3.8,3.7,3.4,3.2,3.5,3.4,4.1,3.6,4.5,3.9,4.4,4,3.6,3.4,1.8,2.1,1.8,1.5,1.9,2,2.5,2.6,3.2,3.2,0.1,13,0.1,13.7,0.7,18.3,21.2,20.5,0.8,17.6,0.1,23,0.2,28.9,1.3,25.9,1.2,50.5,0.000254443,0.010082485,0.007711917,0.019919128,0.064125192,0.033986055,0.00176468,0.072333398,0.05782932,0.193965345,0.051587846,0.486440191,11.8,9.1,5.406633,96.8,97.7,0.2,44.6,0.6,47.5,2.6,44.9,0.1,40.3,0.2,43,0.6,42,0.1,5.5,0.1,5,0.5,3.7,0.2,36.2,0.3,30.6,1.4,54.8,20.3,20.2,1,16.3,-0.02,3,1898.2
,2.3,,FALSE,48054,53264,94225,1902,965,123,48642,199,0,,292451153,1561655,4854814,32996589,16531395,3184251,12255126,13099212,6420333,13304886,18557937,100993978,34754,92,848,459,129,322,83,432,904,1229,283,2964,27009,79,41,9,15,27,96515,19371,1780,96,250162,247354,242952,4103,407,11697,2825,68690977,qn07@cb.nyc.gov,www.nyc.gov/queenscb7,"American Community Survey 2012-2016 5-Year Estimates for PUMA 4103, which is an approximation of Queens CD 7","Auburndale, Bay Terrace, Beechhurst, Clearview, College Point, Downtown Flushing, East Flushing, Flushing, Malba, Murray Hill, Queensboro Hill, Waldheim, Whitestone",Traffic,Street conditions (roadway maintenance),"Commercial development (retail mix, small business and MBWE support, etc.)",http://www1.nyc.gov/assets/planning/download/pdf/community/community-portal/statement_needs/qn07_statement_2018.pdf,,Queens CD 7,Queens Community District 7,0.1924,0.3903,0.5415,0.549,0.463,0.633,0.4131,0.4528,0.411,0.371,3.980701408,3.769444039,17.6,2.5,52.1,2.1,25.6,2,0.9,1.5,1.1,1.8,1.3,2,1.9,2.8,49,3.5,3,4,3.5,4,4,3.8,3.7,3.8,2.9,3.2,3.4,3.5,3.3,3.7,3.9,3.1,2.8,2.1,2.5,2.2,2.3,2.4,2.4,2.7,2.7,0.1,13,0.1,13.7,0.5,17.5,21.2,20.5,0.6,17.6,0.1,23,0.2,28.9,1,49.1,0.8,57.2,0.005339883,0.234880172,0.016600427,0.112827693,0.05652703,0.010888147,0.041904865,0.044791111,0.021953523,0.045494387,0.063456536,0.345336228,11.8,9.1,7.653031,96.8,98.2,0.2,44.6,0.6,47.5,1.6,55.4,0.1,40.3,0.2,43,0.7,41,0.1,5.5,0.1,5,0.3,3.5,0.2,36.2,0.3,30.6,0.9,27.4,20.3,20.2,1,25.2,0.02,11.8,7539.8
,2.2,,FALSE,,,56704,0,0,0,30129,0,0,,151686412,35479,469720,28446091,16606492,502862,86943,4636969,1769311,10966588,22519060,64578070,19397,11,211,89,31,175,33,13,321,310,128,1140,16935,64,44,6,8,17,96515,19371,1071,96,162548,151107,146594,4106,408,0,0,1068827,qn08@cb.nyc.gov,www1.nyc.gov/site/queenscb8/index.page,"American Community Survey 2012-2016 5-Year Estimates for PUMA 4106, which is an approximation of Queens CD 8","Briarwood, Fresh Meadows, Hillcrest, Holliswood, Jamaica, Jamaica Estates, Jamaica Hills, Kew Gardens Hills, Pomonok, Utopia",Street flooding,Street conditions (roadway maintenance),Parks,http://www1.nyc.gov/assets/planning/download/pdf/community/community-portal/statement_needs/qn08_statement_2018.pdf,,Queens CD 8,Queens Community District 8,,,,,,,,,0.682,0.021,0.682096746,0.021041342,18.6,4.4,33.9,11.4,31.6,1.4,0.8,1.1,0.8,1.1,1,1.6,1.5,2.7,50,3.5,2.8,3.8,3.4,3.8,3.3,3.4,2.8,3.4,3.4,3.4,2.7,3.6,3.5,4.2,3.4,3.8,3.8,3.3,3.2,2.6,2.6,2.6,2.8,3.5,3.3,0.1,13,0.1,13.7,0.6,14.1,21.2,20.5,0.9,20.5,0.1,23,0.2,28.9,1.4,27,1.1,47.2,0.000233897,0.007046294,0.003096652,0.187532229,0.109479101,0.003315142,0.000573176,0.030569442,0.011664268,0.072297761,0.148457991,0.425734047,11.8,9.1,7.023903,96.8,97.8,0.2,44.6,0.6,47.5,2.5,48.3,0.1,40.3,0.2,43,0.9,43,0.1,5.5,0.1,5,0.6,5.7,0.2,36.2,0.3,30.6,1.2,40.3,20.3,20.2,1.3,22,0.03,7.4,4765.3
,1.7,,FALSE,,,45824,0,0,0,29458,0,0,,70076837,79245,1081090,1516122,3326236,2430556,2111205,3203951,3466671,2441911,7769630,41917103,20422,23,260,266,17,196,100,192,349,1284,96,2302,15337,71,31,2,9,4,96515,19371,916,96,154987,143317,141608,4111,409,0,0,733117,communitybd9@nyc.rr.com,www1.nyc.gov/site/queenscb9/index.page,"American Community Survey 2012-2016 5-Year Estimates for PUMA 4111, which is an approximation of Queens CD 9","Kew Gardens, Ozone Park, Richmond Hill, Woodhaven",Senior services,Schools,Affordable housing,http://www1.nyc.gov/assets/planning/download/pdf/community/community-portal/statement_needs/qn09_statement_2018.pdf,,Queens CD 9,Queens Community District 9,,,,,,,,,0,0,0,0,41.8,8.1,26.3,5.8,17.9,0.9,0.3,0.6,0.5,1,0.8,1.4,1.1,2.2,51,2.8,2.7,3.5,3.1,3.4,3.4,3.8,3.7,3.7,3.3,3.4,3.5,3.6,3.9,4.1,4.2,4,4.1,3.2,3.4,2.9,3.2,2.8,3.3,3.3,3.3,0.1,13,0.1,13.7,0.5,10.4,21.2,20.5,0.7,22.9,0.1,23,0.2,28.9,0.9,25.7,1,50.9,0.00113083,0.010461617,0.015427209,0.021635137,0.047465556,0.034684157,0.030127002,0.045720542,0.04946957,0.034846193,0.110873012,0.598159175,11.8,9.1,7.364655,96.8,95,0.2,44.6,0.6,47.5,2.2,48.3,0.1,40.3,0.2,43,0.6,45,0.1,5.5,0.1,5,0.4,5.2,0.2,36.2,0.3,30.6,0.8,26.1,20.3,20.2,0.9,21.9,0.01,3.8,2459.8
,2.1,,FALSE,72304,78133,39155,6905,6033,4099,35763,4068,0,,119683989,148135,1171755,17165823,2949494,1360258,681955,3656269,1962591,1417851,5992450,65384283,25174,41,936,264,133,118,145,62,399,804,15,976,21281,58,31,4,5,16,96515,19371,1258,96,137073,122396,127274,4113,410,20587,11919,17793125,cb10qns@nyc.rr.com,www.nyc.gov/html/qnscb10,"American Community Survey 2012-2016 5-Year Estimates for PUMA 4113, which is an approximation of Queens CD 10","Howard Beach, Lindenwood, Old Howard Beach, Ozone Park, South Ozone Park",Street conditions (roadway maintenance),Resiliency,"Quality of life issues (noise, graffiti, petty crime, etc.)",http://www1.nyc.gov/assets/planning/download/pdf/community/community-portal/statement_needs/qn10_statement_2018.pdf,,Queens CD 10,Queens Community District 10,0.3236,0.3578,0.3912,0.2716,0.549,0.541,0.6745,0.7558,0.254,0.011,1.676424947,1.455476688,25.7,16.6,21,15.1,21.6,1.2,0.6,0.8,0.5,1.3,1.1,1.6,1.2,2.3,52,2.8,3,3.7,3.4,4.2,4,3.8,3.6,3.7,3.4,3.2,3.6,3.2,3,3.6,3.7,4,3.8,2.9,3.2,3.1,3.4,2.8,2.7,2.9,2.8,0.1,13,0.1,13.7,0.7,12.6,21.2,20.5,0.9,21.4,0.1,23,0.2,28.9,0.8,13,1.2,45.4,0.001237718,0.148667547,0.009790407,0.143426227,0.024644015,0.011365413,0.005697963,0.030549358,0.016398108,0.011846622,0.050068936,0.546307685,11.8,9.1,9.70554,96.8,97.2,0.2,44.6,0.6,47.5,3.3,50.8,0.1,40.3,0.2,43,0.8,45,0.1,5.5,0.1,5,0.6,6.5,0.2,36.2,0.3,30.6,1.1,20.7,20.3,20.2,0.9,18.9,-0.04,6.1,3934.7
,2.7,,FALSE,108423,108423,44838,296,246,95,39082,75,0,,180457066,149484,858859,38678517,8890252,488263,351583,5362726,1543296,2993669,18985118,98464159,25806,37,524,128,139,161,48,10,416,354,22,954,23013,71,41,5,11,18,96515,19371,746,96,119917,116431,116404,4104,411,1478,1160,3691140,QN11@cb.nyc.gov,www.nyc.gov/queenscb11,"American Community Survey 2012-2016 5-Year Estimates for PUMA 4104, which is an approximation of Queens CD 11","Auburndale, Bayside, Douglaston, Hollis Hills, Little Neck, Oakland Gardens",Traffic,"Quality of life issues (noise, graffiti, petty crime, etc.)",Parks,http://www1.nyc.gov/assets/planning/download/pdf/community/community-portal/statement_needs/qn11_statement_2018.pdf,,Queens CD 11,Queens Community District 11,0.4278,0.4278,0.0941,0.0941,0.454,0.454,0.6953,0.6953,0.683,0.471,0.848064151,0.596393882,11.8,2.4,42.7,1.8,41.3,2.1,1,1.2,1,1.7,1.1,2.2,2,2.9,53,3.6,3.4,4.3,3.5,4.4,3.8,3.6,3.4,3.8,3.4,3.2,3.4,3.1,3,3.4,3.2,2.6,2.3,2.5,2.4,2.5,2.8,2.5,2.8,2.3,2.9,0.1,13,0.1,13.7,0.7,18,21.2,20.5,0.8,19.1,0.1,23,0.2,28.9,1.1,29.4,1.1,42.5,0.000828363,0.020454394,0.004759354,0.214336395,0.049265192,0.002705702,0.001948292,0.029717462,0.008552151,0.01658937,0.105205734,0.545637592,11.8,9.1,7.047723,96.8,98.8,0.2,44.6,0.6,47.5,3.5,44,0.1,40.3,0.2,43,0.8,42,0.1,5.5,0.1,5,0.4,3.6,0.2,36.2,0.3,30.6,1.2,43.4,20.3,20.2,0.9,13.5,0,9.4,5991.9
,1.7,,FALSE,58998,58998,75715,0,0,0,58201,0,0,,183714816,1091912,4312477,11896614,13490785,5320554,6756248,7304070,3723130,8449222,5466661,111660553,41400,148,1235,543,56,503,215,332,750,1339,111,1214,34954,75,100,12,35,31,96515,19371,2837,96,239699,225919,223602,4112,412,0,0,4242590,qn12@cb.nyc.gov,www.nyc.gov/qcb12,"American Community Survey 2012-2016 5-Year Estimates for PUMA 4112, which is an approximation of Queens CD 12","Hollis, Jamaica, Jamaica Center, North Springfield Gardens, Rochdale, South Jamaica, St. Albans",Street flooding,Senior services,Schools,http://www1.nyc.gov/assets/planning/download/pdf/community/community-portal/statement_needs/qn12_statement_2018.pdf,,Queens CD 12,Queens Community District 12,0.59,0.59,0.717,0.717,0.84,0.84,0.6309,0.6309,0.151,0.151,0.168137612,0.151391774,16.9,7.7,11.6,62.1,1.7,1.2,0.5,1,0.5,1.4,0.8,1.8,1.1,2.3,54,2.9,2.2,3.6,3,4.1,3.3,3.9,3.2,3.4,3.1,3.6,2.8,3.7,3.5,4.1,3.8,3.7,3.9,3.2,3.3,3.1,3.5,3.1,3,3.3,3.5,0.1,13,0.1,13.7,0.4,12.2,21.2,20.5,0.6,23.6,0.1,23,0.2,28.9,0.6,14.2,1,42.2,0.005943516,0.023093347,0.023473757,0.064755877,0.073433299,0.028960941,0.036775738,0.039757654,0.020265812,0.045990967,0.029756234,0.607792858,11.8,9.1,12.532472,96.8,96.3,0.2,44.6,0.6,47.5,1.9,48.9,0.1,40.3,0.2,43,0.7,49,0.1,5.5,0.1,5,0.5,8.1,0.2,36.2,0.3,30.6,0.8,20.8,20.3,20.2,0.8,20.4,0.01,9.6,6137.1
,2.1,,FALSE,84351,86208,60790,5413,4282,541,69527,366,0,,237429842,283842,2475365,31486934,19390103,2501489,5198620,6435498,1677363,4572448,12726682,146752225,43676,59,889,332,99,245,100,169,558,628,8,694,39895,39,64,7,6,13,96515,19371,1698,96,200852,188593,196284,4105,413,20424,2686,3929273,info@qcb13.org,www1.nyc.gov/site/queenscb13/index.page,"American Community Survey 2012-2016 5-Year Estimates for PUMA 4105, which is an approximation of Queens CD 13","Bellaire, Bellerose, Brookville, Cambria Heights, Floral Park, Glen Oaks, Laurelton, New Hyde Park, Queens Village, Rosedale, Springfield Gardens",Youth and children’s services,Trash removal & cleanliness,"Quality of life issues (noise, graffiti, petty crime, etc.)",http://www1.nyc.gov/assets/planning/download/pdf/community/community-portal/statement_needs/qn13_statement_2018.pdf,,Queens CD 13,Queens Community District 13,0.373,0.2828,0.3743,0.4382,0.807,0.742,0.5819,0.6894,0.813,0.774,1.711266267,1.045044758,11.7,5.5,15,56.1,11.7,1.5,0.6,1.1,0.6,1.5,1.2,2.1,1.8,2.8,55,3.4,2.9,3.9,3.4,4.4,3.6,3.9,3,3.3,3,3.3,2.8,3.3,3.5,3.8,3.4,4.1,3.4,2.9,3.1,2.7,2.8,2.6,2.5,3,2.6,0.1,13,0.1,13.7,0.5,15.3,21.2,20.5,0.6,19.9,0.1,23,0.2,28.9,0.6,12.4,1,41.7,0.001195477,0.016549196,0.010425669,0.132615739,0.081666663,0.010535698,0.021895394,0.027104841,0.007064668,0.019258102,0.053601864,0.618086689,11.8,9.1,8.711107,96.8,97.1,0.2,44.6,0.6,47.5,2.9,43.8,0.1,40.3,0.2,43,0.7,47,0.1,5.5,0.1,5,0.4,5.4,0.2,36.2,0.3,30.6,0.9,28.4,20.3,20.2,0.7,13.2,-0.04,12.6,8044.4
,1.8,,FALSE,50702,52157,46240,32672,15284,17710,20655,10807,0,,208879410,980129,1446076,80512333,8908288,3688053,1150461,3538870,1195475,13609043,6710908,62553746,15012,67,1511,168,209,206,150,58,218,181,97,1187,10960,85,52,5,12,15,96515,19371,1278,96,121517,114978,106686,4114,414,88372,72863,24586028,cbrock14@nyc.rr.com,www1.nyc.gov/site/queenscb14/index.page,"American Community Survey 2012-2016 5-Year Estimates for PUMA 4114, which is an approximation of Queens CD 14","Arverne, Bayswater, Belle Harbor, Breezy Point, Broad Channel, Edgemere, Far Rockaway, Hammels, Neponsit, Rockaway Park, The Rockaways, Roxbury, Seaside, Somerville",Unemployment,Schools,Resiliency,http://www1.nyc.gov/assets/planning/download/pdf/community/community-portal/statement_needs/qn14_statement_2018.pdf,,Queens CD 14,Queens Community District 14,0.3421,0.3355,0.441,0.4589,0.613,0.608,0.39,0.4241,2.859,2.859,6.804404739,6.568208178,23.5,2.2,3.9,35.3,35,1.3,0.7,1.2,0.9,1.6,1.2,1.7,1.2,2.3,56,3.1,2.8,3.3,2.9,3.7,3.3,3.6,3.1,3,2.1,3.4,2.8,3.7,2.7,3.1,3.2,3.5,3,2.9,3.4,3.7,3.4,3.8,3.9,4,4.8,0.1,13,0.1,13.7,0.7,14,21.2,20.5,1.2,27.8,0.1,23,0.2,28.9,1.2,13.7,1.3,26.1,0.00469232,0.117704411,0.006923018,0.385448872,0.042647995,0.017656374,0.005507776,0.016942168,0.005723278,0.06515263,0.032128145,0.299473012,11.8,9.1,11.63837,96.8,96.2,0.2,44.6,0.6,47.5,2.1,45.8,0.1,40.3,0.2,43,1.5,50,0.1,5.5,0.1,5,0.5,5.4,0.2,36.2,0.3,30.6,1.5,27,20.3,20.2,1.5,17.9,0.08,7,4494.9
,2.1,,FALSE,72622,72066,64754,1616,868,702,49028,198,0,0,301120738,2218399,4353496,45762592,19057243,24036236,9677076,15786056,4260498,6392587,12874043,129338235,39201,132,1990,496,171,353,280,268,868,892,62,1126,32563,65,57,7,20,52,96515,2779,1609,96,172369,175756,162609,3903,501,3849,2280,27364277,sicb1@si.rr.com,www1.nyc.gov/site/statenislandcb1/index.page,"American Community Survey 2012-2016 5-Year Estimates for PUMA 3903, which is an approximation of Staten Island CD 1","Arlington, Castleton Corners, Clifton, Elm Park, Fox Hills, Graniteville, Grymes Hill, Howland Hook, Livingston, Mariner's Harbor, New Brighton, Old Place, Park Hill, Port Ivory, Port Richmond, Randall Manor, Rosebank, Shore Acres, Silver Lake, St. George, Stapleton, Sunnyside, Tompkinsville, Ward Hill, West Brighton, West New Brighton, Westerliegh, Willowbrook",Traffic,Neighborhood preservation (development trends),"Commercial development (retail mix, small business and MBWE support, etc.)",http://www1.nyc.gov/assets/planning/download/pdf/community/community-portal/statement_needs/si01_statement_2018.pdf,,Staten Island CD 1,Staten Island Community District 1,0.2715,0.2593,0.533,0.4824,0.744,0.698,0.6238,0.6313,0.976,0.966,3.061354671,2.813939804,29.3,3.1,7.5,22.1,38,1.2,0.4,0.8,0.6,1.2,0.9,1.5,1.1,2.3,57,3,2.9,3.3,3,3.6,3.4,3.6,3.3,3.3,3.2,3.3,3.1,3.4,3.5,3.6,3.7,3.6,3.9,3.2,3.7,3.5,3.2,3.4,3.5,3.3,3.3,0.1,13,0.1,14.5,0.4,12.1,21.2,22.4,0.5,24.3,0.1,23,0.3,10.7,0.8,12.7,0.9,24.2,0.007367141,0.090874767,0.014457643,0.151974229,0.063287714,0.079822586,0.032136863,0.05242434,0.014148803,0.021229315,0.042753757,0.429522841,11.8,6.5,9.734195,98.6,96.1,0.2,44.6,1.9,46.5,2.2,48.6,0.1,40.3,0.5,43.2,1,43,0.1,5.5,0.2,3.6,0.4,3.9,0.2,36.2,0.7,31.4,1,29.4,20.3,15.8,1.9,21.2,0.08,13.5,8653.9
,2.3,,FALSE,74825,74317,49152,9137,8300,6109,39870,5667,0,0,436553759,1362752,1673118,111867400,42547082,30582897,5573779,22490689,1784424,3416049,11408082,129182726,34685,54,2365,172,219,186,127,87,790,309,20,531,29825,68,42,3,22,25,96515,2779,666,96,135323,132003,127071,3902,502,27661,20588,74664761,dderrico@cb.nyc.gov,www.cb2si.com/,"American Community Survey 2012-2016 5-Year Estimates for PUMA 3902, which is an approximation of Staten Island CD 2","Arrochar, Bloomfield, Bulls Head, Chelsea, Concord, Dongan Hills, Egbertville, Emerson Hill, Grant City, Grasmere, Heartland Village, Lighthouse Hill, Manor Heights, Midland Beach, New Dorp, New Dorp Beach, New Springville, Old Town, South Beach, Todt Hill, Travis, Willowbrook",Other (see Statement of Community District Needs),Traffic,Senior services,http://www1.nyc.gov/assets/planning/download/pdf/community/community-portal/statement_needs/si02_statement_2018.pdf,,Staten Island CD 2,Staten Island Community District 2,0.3125,0.3145,0.5852,0.6206,0.717,0.705,0.7625,0.7583,2.702,2.652,6.359457296,5.845351669,13.6,1.9,12.5,3.7,68.3,1.7,0.8,1.5,0.7,1.3,1.1,2.2,1.7,2.8,58,3.6,3.4,3.8,3.3,4.1,3.4,3.7,3.6,3.7,3.2,3.1,2.7,3,3.1,3.2,3.3,3.3,2.9,3,3,3,3,2.6,3,2.6,2.9,0.1,13,0.1,14.5,0.4,16.3,21.2,22.4,0.7,20.9,0.1,23,0.3,10.7,0.9,13.8,1.2,26.8,0.003121613,0.171032226,0.003832559,0.256251144,0.097461266,0.070055283,0.012767681,0.051518716,0.004087524,0.007825036,0.026132136,0.295914818,11.8,6.5,6.441562,98.6,99.9,0.2,44.6,1.9,46.5,3.4,46.8,0.1,40.3,0.5,43.2,0.9,41,0.1,5.5,0.2,3.6,0.3,3.4,0.2,36.2,0.7,31.4,1.4,32.2,20.3,15.8,1,14.4,0.04,21.3,13617.2
,2.5,,FALSE,89941,91697,60642,3760,3430,1985,51472,1822,0,0,492107941,4144903,4230147,118419761,26299471,24325484,13428447,12025800,1842518,890421,6304155,192083933,50120,116,2848,197,1469,160,195,127,504,254,4,197,44049,56,46,5,1,62,96515,2779,485,96,165632,160209,152908,3901,503,12589,7977,88112901,sicb3@cb.nyc.gov,www1.nyc.gov/site/statenislandcb3/index.page,"American Community Survey 2012-2016 5-Year Estimates for PUMA 3901, which is an approximation of Staten Island CD 3","Annadale, Arden Heights, Bay Terrace, Butler Manor, Charleston, Eltingville, Fresh Kills, Great Kills, Greenridge, Huguenot, Oakwood, Oakwood Beach, Oakwood Heights, Pleasant Plains, Prince's Bay, Richmond Town, Richmond Valley, Rossville, Sandy Ground, Tottenville, Woodrow",Traffic,Street flooding,Street conditions (roadway maintenance),http://www1.nyc.gov/assets/planning/download/pdf/community/community-portal/statement_needs/si03_statement_2018.pdf,,Staten Island CD 3,Staten Island Community District 3,0.345,0.3462,0.4349,0.5105,0.698,0.707,0.8388,0.8702,2.566,2.451,6.377055908,5.985553869,9.7,1.1,4.7,0.9,83.6,1.2,0.5,1.1,0.8,1.4,1.2,2.3,1.9,2.8,59,3.3,2.9,4,3.5,4,3.9,3.9,3.5,4,3.6,2.9,3,3,2.7,3,3.2,3.2,3.3,3,3,3.3,3.2,2.4,3.4,2.5,2.6,0.1,13,0.1,14.5,0.4,15.6,21.2,22.4,0.6,21.5,0.1,23,0.3,10.7,0.6,6.8,0.8,15.4,0.008422752,0.17905198,0.008595974,0.240637777,0.053442484,0.049431196,0.027287605,0.024437322,0.003744134,0.001809402,0.012810513,0.390328863,11.8,6.5,3.109412,98.6,99.5,0.2,44.6,1.9,46.5,4.3,40.9,0.1,40.3,0.5,43.2,0.8,45,0.1,5.5,0.2,3.6,0.3,3.6,0.2,36.2,0.7,31.4,1.3,32.6,20.3,15.8,0.8,11.4,0.05,21.5,13750.9
